Caliste_Charriere	Coelina_Pixerecourt	0.38796934485435486
Monde_Prevost	Floricourt_Dorat	0.37233686447143555
Incas_Marmontel	Voyage_Maistre	0.3593883812427521
Religieuse_Diderot	L'Emigre_Meilhan	0.3231619596481323
Micromegas_Voltaire	Diable_Cazotte	0.3123418092727661
L'Anti-Justine_Retif	Moraux_Marmontel	0.28793418407440186
Rideau_Mirabeau	Julie_Rousseau	0.26806703209877014
Galatee_Florian	Prince_Gouges	0.26694774627685547
Candide_Voltaire	Emile_Rousseau	0.2505423128604889
Floricourt_Dorat	Contemporaines_Retif	0.2484292984008789
Candide_Voltaire	Julie_Rousseau	0.24644605815410614
Pervertie_Retif	Monde_Prevost	0.24509330093860626
Justine_Sade	Coelina_Pixerecourt	0.2446243166923523
Saisons_Saint-Lambert	Victor_Ducray-Duminil	0.24307772517204285
Pauliska_Saint-Cyr	Nuits_Retif	0.24042333662509918
Voyage_Maistre	Fanchette_Retif	0.23418642580509186
Micromegas_Voltaire	Moraux_Mercier	0.23317477107048035
Aline_Sade	Floricourt_Dorat	0.23300659656524658
Chaumiere_Bernardin	Lucile_Retif	0.23286402225494385
Incas_Marmontel	Vie_Retif	0.23233026266098022
Emile_Rousseau	Vie_Retif	0.23203301429748535
L'An_Mercier	Claire_Cottin	0.22911179065704346
Voyage_Maistre	Vie_Retif	0.22894634306430817
Emile_Rousseau	Chaumiere_Bernardin	0.228000208735466
Pervertie_Retif	Voyage_Maistre	0.22656482458114624
Chevaliers_Genlis	Parisiennes_Retif	0.22602345049381256
Jenni_Voltaire	Emilie_Couvray	0.22400891780853271
Amours_Couvray	Julie_Rousseau	0.22337795794010162
Moraux_Marmontel	Fanchette_Retif	0.22301314771175385
Diable_Cazotte	Boudoir_Sade	0.2229396551847458
Adele_Souza	Moraux_Mercier	0.2212059646844864
Caliste_Charriere	Emilie_Couvray	0.21997711062431335
Floricourt_Dorat	Princesse_Voltaire	0.21584336459636688
Emile_Rousseau	Religieuse_Diderot	0.21463169157505035
Religieuse_Diderot	Parisiennes_Retif	0.21398693323135376
Caliste_Charriere	L'Anti-Justine_Retif	0.21330557763576508
Micromegas_Voltaire	Claire_Cottin	0.21288557350635529
Micromegas_Voltaire	Julie_Rousseau	0.21230167150497437
Lucile_Retif	Fils_Diderot	0.211750328540802
L'Emigre_Meilhan	Saisons_Saint-Lambert	0.21020014584064484
Vertueuse_Retif	Fanchette_Retif	0.20823940634727478
Moraux_Marmontel	Emilie_Couvray	0.20638278126716614
Caliste_Charriere	Menage_Retif	0.2060517519712448
L'Anti-Justine_Retif	Vie_Retif	0.2055467963218689
Supplement_Diderot	Victor_Ducray-Duminil	0.2023792266845703
Adele_Souza	Juliette_Sade	0.20115290582180023
Monde_Prevost	Moraux_Marmontel	0.2008737474679947
Pervertie_Retif	L'Emigre_Meilhan	0.19850508868694305
Floricourt_Dorat	Prince_Gouges	0.19720423221588135
Incas_Marmontel	Parisiennes_Retif	0.19607244431972504
Claire_Cottin	Nuits_Retif	0.1956581026315689
Emile_Rousseau	Emilie_Couvray	0.19563919305801392
Micromegas_Voltaire	Pauliska_Saint-Cyr	0.19485947489738464
Ecus_Voltaire	Contemporaines_Retif	0.19371837377548218
Chaumiere_Bernardin	Religieuse_Diderot	0.19169881939888
Pervertie_Retif	Princesse_Voltaire	0.19078561663627625
Saisons_Saint-Lambert	Vie_Retif	0.19059956073760986
Aline_Sade	Fanchette_Retif	0.1901661455631256
Adele_Genlis	Crimes_Sade	0.18968604505062103
Liaisons_Laclos	Chevaliers_Genlis	0.18916389346122742
Femme_Marmontel	Victor_Ducray-Duminil	0.1880182921886444
Adele_Souza	Saisons_Saint-Lambert	0.18711689114570618
Moraux_Mercier	Saisons_Saint-Lambert	0.18691974878311157
Naufrage_Morelly	Belisaire_Marmontel	0.18672531843185425
L'An_Mercier	Menage_Retif	0.18617692589759827
Belisaire_Marmontel	Jenni_Voltaire	0.18572793900966644
Candide_Voltaire	Parisiennes_Retif	0.18554872274398804
Rideau_Mirabeau	Prince_Gouges	0.18543998897075653
Boudoir_Sade	Perverti_Retif	0.18543462455272675
Belisaire_Marmontel	Pervertie_Retif	0.18521976470947266
Justine_Sade	Monde_Prevost	0.18515481054782867
Floricourt_Dorat	Parisiennes_Retif	0.18394425511360168
Caliste_Charriere	Vie_Retif	0.1831287294626236
Moraux_Mercier	Victor_Ducray-Duminil	0.18215976655483246
Moraux_Marmontel	Vie_Retif	0.18211162090301514
Diable_Cazotte	Galatee_Florian	0.18198256194591522
Diable_Cazotte	Claire_Cottin	0.18154391646385193
Fanni_Riccoboni	Candide_Voltaire	0.17982444167137146
Claire_Cottin	Parisiennes_Retif	0.17894913256168365
Fataliste_Diderot	Françaises_Retif	0.17826290428638458
Micromegas_Voltaire	Candide_Voltaire	0.17769570648670197
Naufrage_Morelly	Victor_Ducray-Duminil	0.1771654337644577
Micromegas_Voltaire	L'An_Mercier	0.17684483528137207
Voyage_Maistre	Parisiennes_Retif	0.1764066517353058
Incas_Marmontel	Religieuse_Diderot	0.17630167305469513
Liaisons_Laclos	Prince_Gouges	0.1751619130373001
Justine_Sade	L'Emigre_Meilhan	0.17452113330364227
Fanni_Riccoboni	Adele_Genlis	0.1730741262435913
L'An_Mercier	Crimes_Sade	0.172879159450531
Fanni_Riccoboni	L'An_Mercier	0.1724873036146164
Caliste_Charriere	Moraux_Mercier	0.16703684628009796
L'An_Mercier	Juliette_Sade	0.16661779582500458
L'An_Mercier	Moraux_Mercier	0.16513799130916595
Nuit_Crebillon	Incas_Marmontel	0.16460925340652466
Nuit_Crebillon	Chaumiere_Bernardin	0.16410286724567413
Incas_Marmontel	L'Anti-Justine_Retif	0.16361182928085327
Diable_Cazotte	Pauliska_Saint-Cyr	0.1628141850233078
Religieuse_Diderot	Jenni_Voltaire	0.16255523264408112
Jenni_Voltaire	Françaises_Retif	0.1624843329191208
Chevaliers_Genlis	Princesse_Voltaire	0.1623460352420807
Chevaliers_Genlis	Supplement_Diderot	0.1618981957435608
Boudoir_Sade	Prince_Gouges	0.16183216869831085
Amours_Couvray	Fanchette_Retif	0.16178375482559204
Fataliste_Diderot	Crimes_Sade	0.16166959702968597
Diable_Cazotte	Aline_Sade	0.16094106435775757
Rideau_Mirabeau	Perverti_Retif	0.16066400706768036
Julie_Rousseau	Parisiennes_Retif	0.1604607105255127
Julie_Rousseau	Jenni_Voltaire	0.16027821600437164
Belisaire_Marmontel	Crimes_Sade	0.16025033593177795
Ecus_Voltaire	Vie_Retif	0.16015712916851044
L'Ingenu_Voltaire	Vie_Retif	0.1570262759923935
Fataliste_Diderot	Juliette_Sade	0.15462170541286469
Nuit_Crebillon	Liaisons_Laclos	0.15411601960659027
Voyage_Maistre	Vertueuse_Retif	0.15330474078655243
Emile_Rousseau	Jenni_Voltaire	0.15248316526412964
Vie_Retif	Juliette_Sade	0.15215815603733063
Religieuse_Diderot	Princesse_Voltaire	0.15213710069656372
L'An_Mercier	Pauliska_Saint-Cyr	0.15139968693256378
Diable_Cazotte	Fanchette_Retif	0.15069930255413055
Incas_Marmontel	Jenni_Voltaire	0.15003187954425812
Naufrage_Morelly	Emilie_Couvray	0.14954990148544312
Jenni_Voltaire	Femme_Marmontel	0.14808470010757446
Supplement_Diderot	Fils_Diderot	0.14761774241924286
Belisaire_Marmontel	Pauliska_Saint-Cyr	0.14741811156272888
Justine_Sade	Fils_Diderot	0.1471627652645111
Ecus_Voltaire	Supplement_Diderot	0.14687742292881012
Amours_Couvray	Juliette_Sade	0.14670400321483612
Belisaire_Marmontel	Monde_Prevost	0.14610522985458374
Moraux_Mercier	Menage_Retif	0.14598174393177032
Aline_Sade	Religieuse_Diderot	0.1453680843114853
Crimes_Sade	Perverti_Retif	0.14485923945903778
L'Emigre_Meilhan	Floricourt_Dorat	0.1444031298160553
L'Ingenu_Voltaire	Juliette_Sade	0.14373679459095
Boudoir_Sade	Vertueuse_Retif	0.1433267593383789
Liaisons_Laclos	Pervertie_Retif	0.14304137229919434
Jenni_Voltaire	Parisiennes_Retif	0.14287051558494568
Voyage_Maistre	Françaises_Retif	0.1428588479757309
L'An_Mercier	Religieuse_Diderot	0.1428384631872177
Voyage_Maistre	Femme_Marmontel	0.1425560563802719
Galatee_Florian	Boudoir_Sade	0.14253975450992584
Incas_Marmontel	Caliste_Charriere	0.1425316482782364
L'Emigre_Meilhan	L'Anti-Justine_Retif	0.1421622931957245
Vertueuse_Retif	Femme_Marmontel	0.1419958621263504
Adele_Genlis	Contemporaines_Retif	0.1417338252067566
Amours_Couvray	Prince_Gouges	0.14168958365917206
Ecus_Voltaire	Jenni_Voltaire	0.14168640971183777
Adele_Souza	Françaises_Retif	0.14145061373710632
Naufrage_Morelly	Monde_Prevost	0.14124031364917755
Religieuse_Diderot	Juliette_Sade	0.14092613756656647
Belisaire_Marmontel	Galatee_Florian	0.1405012309551239
Belisaire_Marmontel	Religieuse_Diderot	0.14041252434253693
Chevaliers_Genlis	Julie_Rousseau	0.1402553915977478
Ecus_Voltaire	Victor_Ducray-Duminil	0.13995306193828583
Perverti_Retif	Juliette_Sade	0.1393609344959259
Monde_Prevost	Coelina_Pixerecourt	0.1382002979516983
Fanni_Riccoboni	Menage_Retif	0.13798163831233978
Emile_Rousseau	Fataliste_Diderot	0.13796989619731903
Diable_Cazotte	Voyage_Maistre	0.13766692578792572
Femme_Marmontel	Emilie_Couvray	0.13762661814689636
Pervertie_Retif	Femme_Marmontel	0.13723284006118774
Fataliste_Diderot	Coelina_Pixerecourt	0.13711516559123993
Monde_Prevost	Parisiennes_Retif	0.13686782121658325
Naufrage_Morelly	Saisons_Saint-Lambert	0.1359456330537796
Supplement_Diderot	Julie_Rousseau	0.13470539450645447
Moraux_Marmontel	Moraux_Mercier	0.13468798995018005
Belisaire_Marmontel	Princesse_Voltaire	0.13420239090919495
Justine_Sade	Religieuse_Diderot	0.13410316407680511
Aline_Sade	Contemporaines_Retif	0.13397455215454102
Fanni_Riccoboni	Amours_Couvray	0.1331297755241394
Diable_Cazotte	Parisiennes_Retif	0.1329517811536789
Moraux_Marmontel	Coelina_Pixerecourt	0.13287264108657837
Vertueuse_Retif	Françaises_Retif	0.13177253305912018
Nuit_Crebillon	Adele_Genlis	0.13162189722061157
Emile_Rousseau	Perverti_Retif	0.1313132494688034
L'An_Mercier	Emilie_Couvray	0.13096612691879272
Pervertie_Retif	Amours_Couvray	0.13081255555152893
Incas_Marmontel	L'Emigre_Meilhan	0.13046035170555115
Nuit_Crebillon	Fataliste_Diderot	0.12933428585529327
Adele_Souza	Voyage_Maistre	0.1281130462884903
Naufrage_Morelly	Rideau_Mirabeau	0.12742555141448975
Pauliska_Saint-Cyr	Princesse_Voltaire	0.12740273773670197
Micromegas_Voltaire	Chevaliers_Genlis	0.12720416486263275
L'Emigre_Meilhan	Monde_Prevost	0.127164825797081
Moraux_Mercier	Juliette_Sade	0.12703336775302887
Emile_Rousseau	Coelina_Pixerecourt	0.12631063163280487
Menage_Retif	Vie_Retif	0.12625132501125336
Aline_Sade	Lucile_Retif	0.12603740394115448
Crimes_Sade	Monde_Prevost	0.12581700086593628
L'Anti-Justine_Retif	Contemporaines_Retif	0.12580278515815735
Caliste_Charriere	Rideau_Mirabeau	0.1252153217792511
Nuit_Crebillon	L'An_Mercier	0.12432704120874405
Lucile_Retif	Saisons_Saint-Lambert	0.12427692860364914
Nuit_Crebillon	Adele_Souza	0.12423159927129745
Aline_Sade	Vie_Retif	0.12418925017118454
Adele_Genlis	Nuits_Retif	0.12381849437952042
Jenni_Voltaire	L'Ingenu_Voltaire	0.12315143644809723
Monde_Prevost	Françaises_Retif	0.12302061915397644
Diable_Cazotte	Nuits_Retif	0.12241632491350174
Adele_Souza	L'Emigre_Meilhan	0.12189870327711105
Adele_Souza	Aline_Sade	0.12177877873182297
Chaumiere_Bernardin	Chevaliers_Genlis	0.1213160902261734
Galatee_Florian	Perverti_Retif	0.12120992690324783
Diable_Cazotte	Vie_Retif	0.12099576741456985
Princesse_Voltaire	Parisiennes_Retif	0.1207052692770958
Aline_Sade	Monde_Prevost	0.12056116759777069
L'Ingenu_Voltaire	Françaises_Retif	0.12015807628631592
Diable_Cazotte	Prince_Gouges	0.11989378184080124
Fanni_Riccoboni	Perverti_Retif	0.11987905949354172
Candide_Voltaire	Floricourt_Dorat	0.1192990243434906
Chaumiere_Bernardin	Fataliste_Diderot	0.11922275274991989
Religieuse_Diderot	Emilie_Couvray	0.11837709695100784
Belisaire_Marmontel	Diable_Cazotte	0.11836230754852295
Monde_Prevost	Prince_Gouges	0.11804082244634628
Incas_Marmontel	Moraux_Marmontel	0.11799035966396332
Naufrage_Morelly	Moraux_Marmontel	0.11768688261508942
L'Emigre_Meilhan	Contemporaines_Retif	0.11757495254278183
Pervertie_Retif	Religieuse_Diderot	0.11757469177246094
L'An_Mercier	Rideau_Mirabeau	0.11757034063339233
Françaises_Retif	Parisiennes_Retif	0.1173369362950325
Emile_Rousseau	Juliette_Sade	0.11702374368906021
Vertueuse_Retif	Emilie_Couvray	0.11690710484981537
Caliste_Charriere	Jenni_Voltaire	0.11686411499977112
Princesse_Voltaire	Coelina_Pixerecourt	0.11633109301328659
Boudoir_Sade	Coelina_Pixerecourt	0.11629446595907211
Moraux_Mercier	Contemporaines_Retif	0.1162249892950058
Julie_Rousseau	Nuits_Retif	0.11599883437156677
Boudoir_Sade	Princesse_Voltaire	0.1155170202255249
Adele_Genlis	Floricourt_Dorat	0.11549064517021179
Chaumiere_Bernardin	Princesse_Voltaire	0.11547209322452545
Vie_Retif	Coelina_Pixerecourt	0.11529272049665451
Perverti_Retif	Fils_Diderot	0.11476513743400574
Moraux_Marmontel	Perverti_Retif	0.11472135037183762
Galatee_Florian	Voyage_Maistre	0.11470469832420349
Princesse_Voltaire	L'Ingenu_Voltaire	0.11463004350662231
L'Anti-Justine_Retif	Parisiennes_Retif	0.11434733122587204
Ecus_Voltaire	Femme_Marmontel	0.11368702352046967
Saisons_Saint-Lambert	Femme_Marmontel	0.11350258439779282
Religieuse_Diderot	Saisons_Saint-Lambert	0.11336477100849152
Moraux_Marmontel	Femme_Marmontel	0.11332720518112183
Nuit_Crebillon	Juliette_Sade	0.11303780227899551
Belisaire_Marmontel	Perverti_Retif	0.11293530464172363
Pervertie_Retif	Moraux_Marmontel	0.11290234327316284
Pervertie_Retif	Contemporaines_Retif	0.11289076507091522
Micromegas_Voltaire	L'Anti-Justine_Retif	0.1124492809176445
Pauliska_Saint-Cyr	Vertueuse_Retif	0.11219654977321625
Adele_Genlis	Prince_Gouges	0.11217580735683441
Naufrage_Morelly	Pervertie_Retif	0.11180523782968521
Rideau_Mirabeau	Juliette_Sade	0.11156351864337921
Micromegas_Voltaire	Vie_Retif	0.11130598187446594
L'Emigre_Meilhan	Princesse_Voltaire	0.11104957014322281
Emilie_Couvray	Juliette_Sade	0.11081792414188385
Naufrage_Morelly	Candide_Voltaire	0.11023522913455963
Belisaire_Marmontel	Parisiennes_Retif	0.10984985530376434
Floricourt_Dorat	Françaises_Retif	0.1095038428902626
Crimes_Sade	Nuits_Retif	0.10917136818170547
Micromegas_Voltaire	Supplement_Diderot	0.10840663313865662
Belisaire_Marmontel	Justine_Sade	0.10800271481275558
Adele_Genlis	Menage_Retif	0.1078091636300087
Amours_Couvray	L'Anti-Justine_Retif	0.10756275802850723
L'Ingenu_Voltaire	Contemporaines_Retif	0.10737209022045135
Diable_Cazotte	Crimes_Sade	0.10692380368709564
Naufrage_Morelly	Diable_Cazotte	0.10594747215509415
Religieuse_Diderot	Françaises_Retif	0.10594727098941803
Fanni_Riccoboni	Claire_Cottin	0.10590691864490509
Emile_Rousseau	Voyage_Maistre	0.10577171295881271
Pauliska_Saint-Cyr	Contemporaines_Retif	0.10567625612020493
Incas_Marmontel	Monde_Prevost	0.10542549937963486
Amours_Couvray	Princesse_Voltaire	0.10514675080776215
Princesse_Voltaire	Femme_Marmontel	0.10507333278656006
Liaisons_Laclos	Claire_Cottin	0.10494469106197357
Micromegas_Voltaire	Belisaire_Marmontel	0.10445182770490646
Belisaire_Marmontel	L'Anti-Justine_Retif	0.10409805923700333
Nuits_Retif	Victor_Ducray-Duminil	0.10402656346559525
Supplement_Diderot	Jenni_Voltaire	0.10402452200651169
Belisaire_Marmontel	Boudoir_Sade	0.10354038327932358
L'Ingenu_Voltaire	Nuits_Retif	0.1032225713133812
Françaises_Retif	Nuits_Retif	0.10244787484407425
Ecus_Voltaire	Fils_Diderot	0.10233837366104126
L'Anti-Justine_Retif	L'Ingenu_Voltaire	0.10229827463626862
Jenni_Voltaire	Fils_Diderot	0.10210511088371277
Emile_Rousseau	Moraux_Marmontel	0.10208818316459656
Naufrage_Morelly	Vertueuse_Retif	0.10190921276807785
Crimes_Sade	Menage_Retif	0.10189957171678543
Candide_Voltaire	Supplement_Diderot	0.10180742293596268
Galatee_Florian	Rideau_Mirabeau	0.10170866549015045
Belisaire_Marmontel	Fataliste_Diderot	0.10159927606582642
Femme_Marmontel	Françaises_Retif	0.10123101621866226
Caliste_Charriere	Justine_Sade	0.10118754208087921
Femme_Marmontel	Vie_Retif	0.10111728310585022
Incas_Marmontel	Liaisons_Laclos	0.10045849531888962
Voyage_Maistre	Prince_Gouges	0.10028715431690216
Ecus_Voltaire	Prince_Gouges	0.09959772974252701
Rideau_Mirabeau	Chevaliers_Genlis	0.09931644052267075
Aline_Sade	Menage_Retif	0.09927909821271896
Candide_Voltaire	Incas_Marmontel	0.09904938191175461
Femme_Marmontel	Coelina_Pixerecourt	0.09895765781402588
Diable_Cazotte	Fataliste_Diderot	0.0988435372710228
Contemporaines_Retif	Nuits_Retif	0.0984831154346466
Menage_Retif	Perverti_Retif	0.09751181304454803
Boudoir_Sade	Claire_Cottin	0.09741264581680298
Rideau_Mirabeau	Chaumiere_Bernardin	0.09728997200727463
Incas_Marmontel	Princesse_Voltaire	0.09706369787454605
Belisaire_Marmontel	Prince_Gouges	0.09706141799688339
Naufrage_Morelly	Adele_Genlis	0.09699111431837082
Perverti_Retif	Contemporaines_Retif	0.09660433232784271
Incas_Marmontel	Coelina_Pixerecourt	0.09655264019966125
Belisaire_Marmontel	L'Ingenu_Voltaire	0.09649188071489334
Crimes_Sade	Prince_Gouges	0.09617196768522263
Nuit_Crebillon	L'Emigre_Meilhan	0.09557673335075378
Fanni_Riccoboni	Emilie_Couvray	0.09489783644676208
Naufrage_Morelly	Galatee_Florian	0.0944930836558342
Fataliste_Diderot	Religieuse_Diderot	0.094271220266819
Voyage_Maistre	L'Anti-Justine_Retif	0.09418978542089462
Adele_Souza	Vertueuse_Retif	0.09416443109512329
Micromegas_Voltaire	Parisiennes_Retif	0.09376312047243118
Floricourt_Dorat	Perverti_Retif	0.09365830570459366
Fanni_Riccoboni	Crimes_Sade	0.09355416893959045
Moraux_Marmontel	Lucile_Retif	0.09350812435150146
Françaises_Retif	Coelina_Pixerecourt	0.0931815356016159
Perverti_Retif	Emilie_Couvray	0.09297496825456619
Rideau_Mirabeau	Jenni_Voltaire	0.09275645762681961
Naufrage_Morelly	Claire_Cottin	0.09259986877441406
Belisaire_Marmontel	Ecus_Voltaire	0.09224016219377518
Amours_Couvray	Claire_Cottin	0.09208185970783234
Liaisons_Laclos	Justine_Sade	0.09175851941108704
Fils_Diderot	Emilie_Couvray	0.09175475686788559
Adele_Genlis	Galatee_Florian	0.09127315133810043
Ecus_Voltaire	Perverti_Retif	0.091227687895298
Micromegas_Voltaire	Coelina_Pixerecourt	0.09111353009939194
L'Emigre_Meilhan	Moraux_Mercier	0.09100999683141708
Micromegas_Voltaire	Liaisons_Laclos	0.09094100445508957
Diable_Cazotte	Monde_Prevost	0.09073620289564133
Aline_Sade	Juliette_Sade	0.09061102569103241
Floricourt_Dorat	Nuits_Retif	0.09026618301868439
Contemporaines_Retif	Françaises_Retif	0.09010224789381027
Femme_Marmontel	Fils_Diderot	0.08995884656906128
Candide_Voltaire	Belisaire_Marmontel	0.08954091370105743
Incas_Marmontel	Fanchette_Retif	0.08916069567203522
Candide_Voltaire	L'Emigre_Meilhan	0.08893509209156036
Fanchette_Retif	Vie_Retif	0.08854669332504272
Incas_Marmontel	Emilie_Couvray	0.08853384852409363
Claire_Cottin	L'Ingenu_Voltaire	0.08827191591262817
Boudoir_Sade	Monde_Prevost	0.0873996764421463
Moraux_Marmontel	Menage_Retif	0.08732473105192184
Chevaliers_Genlis	Jenni_Voltaire	0.0869680717587471
Religieuse_Diderot	Vie_Retif	0.0866549164056778
Supplement_Diderot	L'Anti-Justine_Retif	0.0865214616060257
Candide_Voltaire	Monde_Prevost	0.08649324625730515
Vertueuse_Retif	Moraux_Mercier	0.08621274679899216
Justine_Sade	Crimes_Sade	0.08613321930170059
Supplement_Diderot	Vertueuse_Retif	0.08599386364221573
Galatee_Florian	Amours_Couvray	0.0857187807559967
Lucile_Retif	Coelina_Pixerecourt	0.08564522862434387
Voyage_Maistre	Boudoir_Sade	0.08563484251499176
Boudoir_Sade	Saisons_Saint-Lambert	0.08556859940290451
Naufrage_Morelly	Fils_Diderot	0.08548478782176971
Pauliska_Saint-Cyr	Julie_Rousseau	0.08540946990251541
Chevaliers_Genlis	L'Emigre_Meilhan	0.08521919697523117
Julie_Rousseau	Victor_Ducray-Duminil	0.08480287343263626
Religieuse_Diderot	Monde_Prevost	0.08469905704259872
Caliste_Charriere	Moraux_Marmontel	0.08447723090648651
Fataliste_Diderot	Nuits_Retif	0.0841837003827095
Ecus_Voltaire	Caliste_Charriere	0.08409381657838821
Galatee_Florian	Justine_Sade	0.08362382650375366
Voyage_Maistre	Moraux_Marmontel	0.08356029540300369
Incas_Marmontel	Crimes_Sade	0.0833965614438057
Galatee_Florian	Juliette_Sade	0.08289393037557602
Micromegas_Voltaire	Galatee_Florian	0.08275450021028519
Justine_Sade	Fanchette_Retif	0.08261822164058685
Micromegas_Voltaire	Amours_Couvray	0.08260755985975266
Fataliste_Diderot	Contemporaines_Retif	0.08233541995286942
Fanni_Riccoboni	Julie_Rousseau	0.08200228214263916
Justine_Sade	Contemporaines_Retif	0.08192303031682968
Incas_Marmontel	Chevaliers_Genlis	0.08185084909200668
Emile_Rousseau	L'Emigre_Meilhan	0.08184872567653656
Claire_Cottin	Juliette_Sade	0.08175401389598846
L'Anti-Justine_Retif	Perverti_Retif	0.08155731111764908
Ecus_Voltaire	Adele_Genlis	0.08151229470968246
Aline_Sade	Vertueuse_Retif	0.08116156607866287
Justine_Sade	Supplement_Diderot	0.08109095692634583
Chaumiere_Bernardin	L'Ingenu_Voltaire	0.08090988546609879
Menage_Retif	Françaises_Retif	0.08055043965578079
Naufrage_Morelly	Julie_Rousseau	0.08047649264335632
Justine_Sade	Voyage_Maistre	0.08036421984434128
Religieuse_Diderot	Pauliska_Saint-Cyr	0.08030306547880173
Adele_Souza	Vie_Retif	0.07998192310333252
Chevaliers_Genlis	Moraux_Mercier	0.0797194167971611
Caliste_Charriere	Pauliska_Saint-Cyr	0.07946546375751495
Prince_Gouges	Victor_Ducray-Duminil	0.07941269129514694
Candide_Voltaire	Fils_Diderot	0.07915406674146652
Chaumiere_Bernardin	Floricourt_Dorat	0.07910968363285065
Liaisons_Laclos	Saisons_Saint-Lambert	0.0790828987956047
Adele_Souza	Chevaliers_Genlis	0.07877978682518005
Monde_Prevost	Princesse_Voltaire	0.07833973318338394
L'Anti-Justine_Retif	Jenni_Voltaire	0.07833103090524673
Fanchette_Retif	Contemporaines_Retif	0.07828383147716522
Emile_Rousseau	Françaises_Retif	0.0782250165939331
Ecus_Voltaire	Pervertie_Retif	0.07774798572063446
Pauliska_Saint-Cyr	L'Ingenu_Voltaire	0.07754340767860413
Diable_Cazotte	Justine_Sade	0.07742404192686081
Naufrage_Morelly	Justine_Sade	0.07717055082321167
L'Emigre_Meilhan	Vie_Retif	0.07700511813163757
L'Emigre_Meilhan	Nuits_Retif	0.07683441042900085
Adele_Souza	Femme_Marmontel	0.07671640813350677
Emile_Rousseau	Supplement_Diderot	0.0762256383895874
Moraux_Mercier	Emilie_Couvray	0.07600574195384979
Emilie_Couvray	Prince_Gouges	0.07570386677980423
Caliste_Charriere	Victor_Ducray-Duminil	0.07552434504032135
Fataliste_Diderot	Lucile_Retif	0.07550349831581116
Nuit_Crebillon	Rideau_Mirabeau	0.07543415576219559
Rideau_Mirabeau	Victor_Ducray-Duminil	0.07538944482803345
Liaisons_Laclos	Fataliste_Diderot	0.07505517452955246
Fataliste_Diderot	Claire_Cottin	0.07495150715112686
Fanni_Riccoboni	Aline_Sade	0.07486187666654587
Candide_Voltaire	Jenni_Voltaire	0.07462979108095169
Rideau_Mirabeau	Religieuse_Diderot	0.07450255006551743
Boudoir_Sade	Fataliste_Diderot	0.07448416948318481
Fanchette_Retif	Emilie_Couvray	0.07439036667346954
Boudoir_Sade	Menage_Retif	0.07341378182172775
Liaisons_Laclos	Fils_Diderot	0.07298614084720612
Naufrage_Morelly	Floricourt_Dorat	0.07298042625188828
Ecus_Voltaire	Emilie_Couvray	0.07275594025850296
Ecus_Voltaire	L'Anti-Justine_Retif	0.07265820354223251
Belisaire_Marmontel	Nuits_Retif	0.07252024859189987
Fanni_Riccoboni	Emile_Rousseau	0.0725070983171463
Diable_Cazotte	Perverti_Retif	0.07243174314498901
Liaisons_Laclos	Lucile_Retif	0.0724136233329773
Claire_Cottin	Emilie_Couvray	0.07214346528053284
Perverti_Retif	Vie_Retif	0.07206425815820694
Caliste_Charriere	Contemporaines_Retif	0.0718713253736496
Naufrage_Morelly	Femme_Marmontel	0.07182914018630981
Justine_Sade	Jenni_Voltaire	0.0717787817120552
Pervertie_Retif	Adele_Souza	0.07174582034349442
Voyage_Maistre	L'Emigre_Meilhan	0.07172250747680664
Amours_Couvray	Coelina_Pixerecourt	0.07144906371831894
Crimes_Sade	Emilie_Couvray	0.07133181393146515
Chevaliers_Genlis	Prince_Gouges	0.07109372317790985
Liaisons_Laclos	Coelina_Pixerecourt	0.0709981918334961
Princesse_Voltaire	Saisons_Saint-Lambert	0.07083254307508469
Emile_Rousseau	Incas_Marmontel	0.07073637843132019
Boudoir_Sade	Floricourt_Dorat	0.07039452344179153
Religieuse_Diderot	Floricourt_Dorat	0.0700039193034172
Diable_Cazotte	Amours_Couvray	0.06988632678985596
Micromegas_Voltaire	Fataliste_Diderot	0.06984921544790268
Belisaire_Marmontel	Rideau_Mirabeau	0.0696076899766922
Incas_Marmontel	Pervertie_Retif	0.06959831714630127
Candide_Voltaire	Voyage_Maistre	0.06939443200826645
Amours_Couvray	Boudoir_Sade	0.06929215788841248
Religieuse_Diderot	Femme_Marmontel	0.06917999684810638
Candide_Voltaire	Chevaliers_Genlis	0.06914401054382324
Moraux_Marmontel	Victor_Ducray-Duminil	0.06912343204021454
Moraux_Mercier	Vie_Retif	0.06878327578306198
Rideau_Mirabeau	Princesse_Voltaire	0.06865863502025604
Naufrage_Morelly	Princesse_Voltaire	0.06838493049144745
Galatee_Florian	Pervertie_Retif	0.06820140033960342
Boudoir_Sade	Moraux_Marmontel	0.06818237155675888
Galatee_Florian	Aline_Sade	0.06810325384140015
Nuit_Crebillon	Emile_Rousseau	0.06787119805812836
Diable_Cazotte	Pervertie_Retif	0.0677713081240654
Adele_Souza	Victor_Ducray-Duminil	0.0676080733537674
Saisons_Saint-Lambert	Françaises_Retif	0.06753996014595032
Liaisons_Laclos	Vertueuse_Retif	0.06721019744873047
Princesse_Voltaire	Françaises_Retif	0.06695784628391266
Vertueuse_Retif	L'Ingenu_Voltaire	0.06690672039985657
Amours_Couvray	Parisiennes_Retif	0.06682325899600983
Chevaliers_Genlis	Floricourt_Dorat	0.06673324108123779
Fanchette_Retif	Perverti_Retif	0.06665557622909546
Fataliste_Diderot	Pauliska_Saint-Cyr	0.06647587567567825
Adele_Souza	Supplement_Diderot	0.06614845991134644
Voyage_Maistre	Emilie_Couvray	0.06604713201522827
L'An_Mercier	Adele_Souza	0.06577812135219574
Naufrage_Morelly	Liaisons_Laclos	0.06559734791517258
Ecus_Voltaire	Chaumiere_Bernardin	0.06545444577932358
Nuit_Crebillon	Crimes_Sade	0.06542472541332245
Incas_Marmontel	Justine_Sade	0.06532715260982513
Voyage_Maistre	Moraux_Mercier	0.06518478691577911
Vie_Retif	Emilie_Couvray	0.06482839584350586
Caliste_Charriere	Supplement_Diderot	0.06479979306459427
Religieuse_Diderot	Menage_Retif	0.06473260372877121
Naufrage_Morelly	L'Emigre_Meilhan	0.0646127313375473
Nuit_Crebillon	Prince_Gouges	0.06454895436763763
Françaises_Retif	Fils_Diderot	0.0642557144165039
Voyage_Maistre	Chevaliers_Genlis	0.06387583166360855
Liaisons_Laclos	Femme_Marmontel	0.06378155946731567
Galatee_Florian	Parisiennes_Retif	0.06361130625009537
Candide_Voltaire	Emilie_Couvray	0.0634879320859909
Vertueuse_Retif	Victor_Ducray-Duminil	0.0633380264043808
Justine_Sade	Chevaliers_Genlis	0.06330801546573639
Micromegas_Voltaire	Fanchette_Retif	0.06291592121124268
Amours_Couvray	Supplement_Diderot	0.0626959279179573
L'Ingenu_Voltaire	Femme_Marmontel	0.06267137080430984
Galatee_Florian	Moraux_Mercier	0.06259012967348099
Rideau_Mirabeau	L'Anti-Justine_Retif	0.06258808821439743
Voyage_Maistre	Crimes_Sade	0.06251221895217896
Adele_Genlis	Adele_Souza	0.06227831169962883
Chevaliers_Genlis	Religieuse_Diderot	0.06222763657569885
Vertueuse_Retif	Princesse_Voltaire	0.06210409104824066
Chaumiere_Bernardin	Saisons_Saint-Lambert	0.06204857677221298
Voyage_Maistre	Saisons_Saint-Lambert	0.06194010376930237
Fanchette_Retif	Femme_Marmontel	0.06193616986274719
Supplement_Diderot	Femme_Marmontel	0.06165267527103424
Adele_Souza	Claire_Cottin	0.06135915219783783
Caliste_Charriere	Julie_Rousseau	0.06112166494131088
Supplement_Diderot	Parisiennes_Retif	0.06108144670724869
Adele_Souza	Menage_Retif	0.060900140553712845
Fanni_Riccoboni	Jenni_Voltaire	0.060142338275909424
Chaumiere_Bernardin	Menage_Retif	0.060065388679504395
Candide_Voltaire	Lucile_Retif	0.05933311954140663
Liaisons_Laclos	Pauliska_Saint-Cyr	0.059244293719530106
Naufrage_Morelly	Contemporaines_Retif	0.0591968297958374
Ecus_Voltaire	Moraux_Mercier	0.05917314440011978
Fils_Diderot	Nuits_Retif	0.05890704691410065
Candide_Voltaire	Chaumiere_Bernardin	0.058863360434770584
Caliste_Charriere	L'Ingenu_Voltaire	0.05866382271051407
Julie_Rousseau	Contemporaines_Retif	0.05804601311683655
Fataliste_Diderot	Floricourt_Dorat	0.05801785737276077
Femme_Marmontel	Parisiennes_Retif	0.05800497531890869
Justine_Sade	L'Anti-Justine_Retif	0.05797832831740379
Naufrage_Morelly	Incas_Marmontel	0.0579293929040432
Rideau_Mirabeau	Vertueuse_Retif	0.05766221135854721
Fanchette_Retif	Coelina_Pixerecourt	0.05763072893023491
Candide_Voltaire	Saisons_Saint-Lambert	0.057552263140678406
L'Anti-Justine_Retif	Moraux_Mercier	0.05744216591119766
Adele_Genlis	Victor_Ducray-Duminil	0.057340435683727264
Aline_Sade	Saisons_Saint-Lambert	0.05721229314804077
Pervertie_Retif	Crimes_Sade	0.05720584839582443
Monde_Prevost	Saisons_Saint-Lambert	0.05701987072825432
Floricourt_Dorat	Vertueuse_Retif	0.05690066143870354
Religieuse_Diderot	L'Anti-Justine_Retif	0.05611468851566315
Micromegas_Voltaire	Juliette_Sade	0.055946674197912216
L'An_Mercier	Lucile_Retif	0.05591726303100586
Pervertie_Retif	Aline_Sade	0.05583483725786209
L'Anti-Justine_Retif	Princesse_Voltaire	0.055550869554281235
Belisaire_Marmontel	Chevaliers_Genlis	0.05546756833791733
Naufrage_Morelly	Adele_Souza	0.05533870309591293
Pauliska_Saint-Cyr	Lucile_Retif	0.05504079535603523
Vertueuse_Retif	Vie_Retif	0.05460821092128754
Menage_Retif	Juliette_Sade	0.05412130802869797
Pervertie_Retif	Claire_Cottin	0.053732823580503464
Justine_Sade	Princesse_Voltaire	0.053523022681474686
Chaumiere_Bernardin	Boudoir_Sade	0.05339023098349571
Incas_Marmontel	Moraux_Mercier	0.053183410316705704
Diable_Cazotte	Liaisons_Laclos	0.05297153443098068
Galatee_Florian	Adele_Souza	0.0528729110956192
Julie_Rousseau	Lucile_Retif	0.0525372214615345
Vie_Retif	Parisiennes_Retif	0.05231505632400513
L'An_Mercier	Fataliste_Diderot	0.05227883160114288
L'Anti-Justine_Retif	Menage_Retif	0.05226190760731697
Ecus_Voltaire	Coelina_Pixerecourt	0.052002936601638794
Claire_Cottin	Vertueuse_Retif	0.05158399045467377
Micromegas_Voltaire	Incas_Marmontel	0.05146310105919838
Fanni_Riccoboni	Parisiennes_Retif	0.05123477801680565
Chaumiere_Bernardin	Juliette_Sade	0.05113033950328827
Pervertie_Retif	Lucile_Retif	0.05094899609684944
Candide_Voltaire	Princesse_Voltaire	0.05088130757212639
Lucile_Retif	Françaises_Retif	0.050788845866918564
Emile_Rousseau	Belisaire_Marmontel	0.05073992908000946
Chevaliers_Genlis	Monde_Prevost	0.05066533386707306
Pauliska_Saint-Cyr	Vie_Retif	0.0505211167037487
Jenni_Voltaire	Coelina_Pixerecourt	0.05046810582280159
Ecus_Voltaire	L'Ingenu_Voltaire	0.050465915352106094
Liaisons_Laclos	Rideau_Mirabeau	0.05040571093559265
Monde_Prevost	Perverti_Retif	0.05027654394507408
Belisaire_Marmontel	Fils_Diderot	0.05014265701174736
Pauliska_Saint-Cyr	Emilie_Couvray	0.05008941516280174
Vertueuse_Retif	Nuits_Retif	0.050052378326654434
L'Anti-Justine_Retif	Coelina_Pixerecourt	0.049823224544525146
Justine_Sade	Floricourt_Dorat	0.04981660470366478
Pauliska_Saint-Cyr	Parisiennes_Retif	0.04955906793475151
Moraux_Marmontel	Vertueuse_Retif	0.04941882565617561
Claire_Cottin	Menage_Retif	0.04887378215789795
Chaumiere_Bernardin	Prince_Gouges	0.048832207918167114
Voyage_Maistre	Floricourt_Dorat	0.04882834479212761
Liaisons_Laclos	Emilie_Couvray	0.04872898384928703
Justine_Sade	Fataliste_Diderot	0.04860023409128189
Liaisons_Laclos	Caliste_Charriere	0.048072438687086105
Liaisons_Laclos	Amours_Couvray	0.0480574294924736
Micromegas_Voltaire	Fanni_Riccoboni	0.04798823595046997
Nuit_Crebillon	Chevaliers_Genlis	0.047937020659446716
Religieuse_Diderot	L'Ingenu_Voltaire	0.047851093113422394
Caliste_Charriere	Monde_Prevost	0.04784330725669861
Emile_Rousseau	Pervertie_Retif	0.047507353127002716
Moraux_Marmontel	L'Ingenu_Voltaire	0.04736052080988884
Diable_Cazotte	Victor_Ducray-Duminil	0.04735925793647766
Claire_Cottin	Moraux_Mercier	0.04733525589108467
Lucile_Retif	Prince_Gouges	0.04732709005475044
Diable_Cazotte	Julie_Rousseau	0.04703099653124809
Voyage_Maistre	Religieuse_Diderot	0.04686892777681351
Belisaire_Marmontel	Femme_Marmontel	0.04678726568818092
Aline_Sade	Pauliska_Saint-Cyr	0.046577151864767075
Fanni_Riccoboni	Fanchette_Retif	0.046534691005945206
L'Anti-Justine_Retif	Saisons_Saint-Lambert	0.046533145010471344
Lucile_Retif	Jenni_Voltaire	0.046516768634319305
L'An_Mercier	Nuits_Retif	0.046428944915533066
Ecus_Voltaire	Menage_Retif	0.04634630307555199
Saisons_Saint-Lambert	Juliette_Sade	0.04609731212258339
Belisaire_Marmontel	Fanchette_Retif	0.04593968763947487
Voyage_Maistre	Aline_Sade	0.04583826661109924
Candide_Voltaire	Pauliska_Saint-Cyr	0.04576313495635986
Pervertie_Retif	Fataliste_Diderot	0.04565253481268883
Justine_Sade	Julie_Rousseau	0.045283958315849304
Chevaliers_Genlis	Emilie_Couvray	0.045270681381225586
Caliste_Charriere	Boudoir_Sade	0.04519890621304512
Aline_Sade	Fils_Diderot	0.045183632522821426
Justine_Sade	Parisiennes_Retif	0.045057155191898346
Perverti_Retif	Prince_Gouges	0.04480985179543495
Emile_Rousseau	Monde_Prevost	0.04441509023308754
Claire_Cottin	Femme_Marmontel	0.04426201060414314
Perverti_Retif	L'Ingenu_Voltaire	0.04384903609752655
Nuit_Crebillon	Ecus_Voltaire	0.043511372059583664
Vertueuse_Retif	Coelina_Pixerecourt	0.04331165552139282
Fanchette_Retif	Nuits_Retif	0.04296373575925827
Moraux_Marmontel	Princesse_Voltaire	0.04281572625041008
Adele_Genlis	L'Ingenu_Voltaire	0.04281311109662056
Pervertie_Retif	L'Anti-Justine_Retif	0.04271059110760689
Incas_Marmontel	Pauliska_Saint-Cyr	0.04251076653599739
L'An_Mercier	L'Emigre_Meilhan	0.04247473180294037
Micromegas_Voltaire	Justine_Sade	0.042223770171403885
Incas_Marmontel	Galatee_Florian	0.04188069328665733
Caliste_Charriere	Fataliste_Diderot	0.04182364419102669
Supplement_Diderot	Emilie_Couvray	0.0417635552585125
L'Ingenu_Voltaire	Emilie_Couvray	0.0416995994746685
Fanni_Riccoboni	Lucile_Retif	0.041532594710588455
Galatee_Florian	Princesse_Voltaire	0.041178345680236816
Julie_Rousseau	Perverti_Retif	0.04092021659016609
Amours_Couvray	Victor_Ducray-Duminil	0.040907323360443115
Aline_Sade	Perverti_Retif	0.04080484062433243
Naufrage_Morelly	L'Anti-Justine_Retif	0.04069506749510765
Princesse_Voltaire	Contemporaines_Retif	0.0404183529317379
Pervertie_Retif	Jenni_Voltaire	0.040351904928684235
Fils_Diderot	Victor_Ducray-Duminil	0.040049485862255096
Floricourt_Dorat	Emilie_Couvray	0.040024518966674805
Galatee_Florian	Monde_Prevost	0.03969608247280121
Rideau_Mirabeau	L'Ingenu_Voltaire	0.0395951010286808
Fanni_Riccoboni	Chaumiere_Bernardin	0.03958362713456154
Crimes_Sade	Moraux_Marmontel	0.038718145340681076
Caliste_Charriere	Fanchette_Retif	0.03863540291786194
Adele_Souza	Contemporaines_Retif	0.03856354579329491
Liaisons_Laclos	Chaumiere_Bernardin	0.03854947164654732
Rideau_Mirabeau	Justine_Sade	0.0384957380592823
Fanni_Riccoboni	Victor_Ducray-Duminil	0.038296110928058624
Claire_Cottin	Jenni_Voltaire	0.038056015968322754
Rideau_Mirabeau	Pauliska_Saint-Cyr	0.037980373948812485
Supplement_Diderot	Floricourt_Dorat	0.03745024651288986
L'Anti-Justine_Retif	Françaises_Retif	0.03734544292092323
L'Ingenu_Voltaire	Coelina_Pixerecourt	0.036810144782066345
Galatee_Florian	Crimes_Sade	0.03677166625857353
Candide_Voltaire	Justine_Sade	0.03652225807309151
Galatee_Florian	Pauliska_Saint-Cyr	0.03645511716604233
Naufrage_Morelly	Caliste_Charriere	0.036400265991687775
Diable_Cazotte	Religieuse_Diderot	0.03617246448993683
L'Emigre_Meilhan	Emilie_Couvray	0.035856761038303375
Claire_Cottin	Julie_Rousseau	0.03583912551403046
Adele_Genlis	L'Anti-Justine_Retif	0.03579866513609886
Emile_Rousseau	Princesse_Voltaire	0.035708237439394
Pervertie_Retif	Chevaliers_Genlis	0.035595670342445374
Chevaliers_Genlis	Perverti_Retif	0.03557996824383736
Moraux_Marmontel	Floricourt_Dorat	0.03540622442960739
Micromegas_Voltaire	Boudoir_Sade	0.03508046269416809
Emile_Rousseau	Menage_Retif	0.03505384176969528
Lucile_Retif	Parisiennes_Retif	0.03497721254825592
Moraux_Marmontel	Prince_Gouges	0.034954603761434555
Incas_Marmontel	Françaises_Retif	0.03491223230957985
Menage_Retif	Parisiennes_Retif	0.0346003957092762
Diable_Cazotte	Saisons_Saint-Lambert	0.034476712346076965
Galatee_Florian	Lucile_Retif	0.03411616012454033
Emile_Rousseau	L'Ingenu_Voltaire	0.033683743327856064
Diable_Cazotte	Incas_Marmontel	0.03340258449316025
Justine_Sade	Perverti_Retif	0.03339516371488571
Belisaire_Marmontel	Incas_Marmontel	0.033273786306381226
Naufrage_Morelly	Nuit_Crebillon	0.03302381932735443
Candide_Voltaire	L'An_Mercier	0.0329926535487175
Rideau_Mirabeau	Contemporaines_Retif	0.0329095795750618
Ecus_Voltaire	Amours_Couvray	0.03283986821770668
L'Emigre_Meilhan	Françaises_Retif	0.03269512951374054
Diable_Cazotte	Vertueuse_Retif	0.03249914199113846
Princesse_Voltaire	Prince_Gouges	0.0324723981320858
Amours_Couvray	Monde_Prevost	0.03236647695302963
Perverti_Retif	Coelina_Pixerecourt	0.032347895205020905
Micromegas_Voltaire	Religieuse_Diderot	0.03234013915061951
Caliste_Charriere	Princesse_Voltaire	0.0322587676346302
Diable_Cazotte	Menage_Retif	0.03221339359879494
Ecus_Voltaire	L'Emigre_Meilhan	0.03217008337378502
Moraux_Marmontel	Juliette_Sade	0.03213911131024361
Micromegas_Voltaire	Adele_Genlis	0.03185701370239258
Diable_Cazotte	Emilie_Couvray	0.030749458819627762
Fataliste_Diderot	Jenni_Voltaire	0.030625635758042336
Contemporaines_Retif	Victor_Ducray-Duminil	0.030263347551226616
Fanni_Riccoboni	Moraux_Mercier	0.030225064605474472
Caliste_Charriere	Juliette_Sade	0.03021755814552307
L'An_Mercier	Aline_Sade	0.02990688383579254
L'Emigre_Meilhan	Parisiennes_Retif	0.029456699267029762
Pervertie_Retif	Nuits_Retif	0.029209833592176437
Aline_Sade	Nuits_Retif	0.029183711856603622
Justine_Sade	Nuits_Retif	0.02917318046092987
Religieuse_Diderot	Claire_Cottin	0.02911016158759594
Rideau_Mirabeau	Floricourt_Dorat	0.029006611555814743
Galatee_Florian	L'Anti-Justine_Retif	0.028963811695575714
Crimes_Sade	Fils_Diderot	0.028899038210511208
Belisaire_Marmontel	Voyage_Maistre	0.02884390577673912
L'Anti-Justine_Retif	Lucile_Retif	0.02855457365512848
Nuit_Crebillon	Galatee_Florian	0.028493884950876236
Supplement_Diderot	Monde_Prevost	0.0284758098423481
Naufrage_Morelly	Voyage_Maistre	0.02837827242910862
Belisaire_Marmontel	Juliette_Sade	0.028363624587655067
Jenni_Voltaire	Perverti_Retif	0.02831288054585457
Boudoir_Sade	Fanchette_Retif	0.028215844184160233
Micromegas_Voltaire	Emilie_Couvray	0.028151605278253555
Naufrage_Morelly	Parisiennes_Retif	0.02812766470015049
L'An_Mercier	Chaumiere_Bernardin	0.028099140152335167
Pauliska_Saint-Cyr	Menage_Retif	0.027885302901268005
Fils_Diderot	Coelina_Pixerecourt	0.0278133824467659
Menage_Retif	Emilie_Couvray	0.02778775803744793
Adele_Genlis	Pauliska_Saint-Cyr	0.027387339621782303
Belisaire_Marmontel	Françaises_Retif	0.02725926786661148
Pervertie_Retif	Supplement_Diderot	0.027065200731158257
Menage_Retif	Coelina_Pixerecourt	0.026931799948215485
Belisaire_Marmontel	Adele_Genlis	0.02689601667225361
Fataliste_Diderot	Moraux_Mercier	0.026407429948449135
Caliste_Charriere	Chevaliers_Genlis	0.025932172313332558
Voyage_Maistre	Monde_Prevost	0.025791574269533157
Micromegas_Voltaire	L'Ingenu_Voltaire	0.025547629222273827
Fataliste_Diderot	Princesse_Voltaire	0.02520699054002762
Nuit_Crebillon	Claire_Cottin	0.025155209004878998
Justine_Sade	Prince_Gouges	0.025147270411252975
Naufrage_Morelly	Chevaliers_Genlis	0.025136951357126236
Boudoir_Sade	Victor_Ducray-Duminil	0.025134315714240074
Belisaire_Marmontel	Claire_Cottin	0.02511756494641304
Monde_Prevost	Vertueuse_Retif	0.02507413737475872
Incas_Marmontel	L'Ingenu_Voltaire	0.025048956274986267
Adele_Genlis	Moraux_Mercier	0.024876965209841728
Nuit_Crebillon	Victor_Ducray-Duminil	0.024727534502744675
Chevaliers_Genlis	Vertueuse_Retif	0.024706441909074783
Naufrage_Morelly	L'Ingenu_Voltaire	0.024649986997246742
Pervertie_Retif	Juliette_Sade	0.024524960666894913
L'Emigre_Meilhan	Victor_Ducray-Duminil	0.024462273344397545
Fanni_Riccoboni	Juliette_Sade	0.024377144873142242
Menage_Retif	Femme_Marmontel	0.02424171194434166
Micromegas_Voltaire	Vertueuse_Retif	0.023846371099352837
Naufrage_Morelly	Emile_Rousseau	0.023788034915924072
Candide_Voltaire	Victor_Ducray-Duminil	0.02362261898815632
Julie_Rousseau	Femme_Marmontel	0.023605182766914368
Emile_Rousseau	Adele_Souza	0.02346665784716606
Rideau_Mirabeau	Amours_Couvray	0.02345861867070198
Supplement_Diderot	Françaises_Retif	0.023220524191856384
Diable_Cazotte	Contemporaines_Retif	0.023206600919365883
Nuit_Crebillon	Lucile_Retif	0.02319113165140152
Vie_Retif	Françaises_Retif	0.02316109463572502
L'An_Mercier	Incas_Marmontel	0.02291787602007389
Caliste_Charriere	Vertueuse_Retif	0.022763125598430634
Pervertie_Retif	Julie_Rousseau	0.02267974056303501
Crimes_Sade	Jenni_Voltaire	0.022662334144115448
Nuit_Crebillon	Fanni_Riccoboni	0.022474009543657303
Liaisons_Laclos	Voyage_Maistre	0.022164631634950638
Julie_Rousseau	Princesse_Voltaire	0.0217630323022604
Voyage_Maistre	Perverti_Retif	0.021443795412778854
L'An_Mercier	Adele_Genlis	0.021441921591758728
Belisaire_Marmontel	Emilie_Couvray	0.021305546164512634
Pauliska_Saint-Cyr	Françaises_Retif	0.021166933700442314
Saisons_Saint-Lambert	Jenni_Voltaire	0.02079065516591072
L'An_Mercier	Chevaliers_Genlis	0.020769737660884857
Boudoir_Sade	L'Anti-Justine_Retif	0.020546134561300278
Chevaliers_Genlis	Claire_Cottin	0.02036699838936329
Julie_Rousseau	Floricourt_Dorat	0.020299388095736504
Nuit_Crebillon	Moraux_Mercier	0.020019324496388435
Naufrage_Morelly	Boudoir_Sade	0.01997537724673748
L'Emigre_Meilhan	Jenni_Voltaire	0.019884418696165085
Fanchette_Retif	Françaises_Retif	0.019284695386886597
Candide_Voltaire	Adele_Genlis	0.019107848405838013
Belisaire_Marmontel	Amours_Couvray	0.018952323123812675
Caliste_Charriere	Lucile_Retif	0.018818136304616928
Pervertie_Retif	Chaumiere_Bernardin	0.01865236461162567
Galatee_Florian	Vertueuse_Retif	0.0184231698513031
Religieuse_Diderot	Contemporaines_Retif	0.018299683928489685
Ecus_Voltaire	Boudoir_Sade	0.01779096946120262
L'Anti-Justine_Retif	Julie_Rousseau	0.017291154712438583
Emile_Rousseau	Boudoir_Sade	0.01720992662012577
Nuit_Crebillon	Religieuse_Diderot	0.01671471819281578
Chaumiere_Bernardin	Perverti_Retif	0.01625768467783928
Diable_Cazotte	Femme_Marmontel	0.016213368624448776
Justine_Sade	Boudoir_Sade	0.01617971807718277
Françaises_Retif	Emilie_Couvray	0.016149694100022316
Floricourt_Dorat	Juliette_Sade	0.01601215824484825
Emilie_Couvray	Victor_Ducray-Duminil	0.015897171571850777
Fanchette_Retif	Victor_Ducray-Duminil	0.015743395313620567
Micromegas_Voltaire	Naufrage_Morelly	0.015685711055994034
Pervertie_Retif	Moraux_Mercier	0.015591830015182495
Amours_Couvray	Adele_Souza	0.015547538176178932
Julie_Rousseau	Fils_Diderot	0.015491900034248829
Pauliska_Saint-Cyr	Floricourt_Dorat	0.015273971483111382
Incas_Marmontel	Prince_Gouges	0.01492326520383358
Amours_Couvray	Femme_Marmontel	0.014886324293911457
Nuit_Crebillon	Aline_Sade	0.014828778803348541
Adele_Souza	Floricourt_Dorat	0.0145486481487751
Justine_Sade	L'Ingenu_Voltaire	0.014249217696487904
Aline_Sade	Princesse_Voltaire	0.014222441241145134
Amours_Couvray	Chaumiere_Bernardin	0.014003821648657322
Liaisons_Laclos	Religieuse_Diderot	0.013783779926598072
Monde_Prevost	Jenni_Voltaire	0.013605830259621143
Fanni_Riccoboni	Adele_Souza	0.013487476855516434
Pervertie_Retif	Floricourt_Dorat	0.013443765230476856
Belisaire_Marmontel	Liaisons_Laclos	0.013409532606601715
Pervertie_Retif	Emilie_Couvray	0.013360066339373589
Adele_Genlis	Claire_Cottin	0.013210084289312363
Monde_Prevost	Contemporaines_Retif	0.013075348921120167
Vertueuse_Retif	Juliette_Sade	0.013048737309873104
Micromegas_Voltaire	Emile_Rousseau	0.012797487899661064
Monde_Prevost	Juliette_Sade	0.012784222140908241
Nuit_Crebillon	Saisons_Saint-Lambert	0.012399769388139248
Nuit_Crebillon	Supplement_Diderot	0.012339728884398937
Liaisons_Laclos	Aline_Sade	0.012231972068548203
Moraux_Mercier	L'Ingenu_Voltaire	0.012214168906211853
Nuit_Crebillon	Princesse_Voltaire	0.012198356911540031
L'An_Mercier	Jenni_Voltaire	0.011534598655998707
Liaisons_Laclos	Adele_Souza	0.011425010859966278
Jenni_Voltaire	Contemporaines_Retif	0.011184880509972572
Amours_Couvray	Justine_Sade	0.010857787914574146
L'Ingenu_Voltaire	Fils_Diderot	0.010799688287079334
Belisaire_Marmontel	Lucile_Retif	0.01055864803493023
L'An_Mercier	Perverti_Retif	0.010502460412681103
Ecus_Voltaire	Monde_Prevost	0.010275471024215221
Adele_Genlis	Supplement_Diderot	0.01015829760581255
Crimes_Sade	Vie_Retif	0.010155174881219864
Emile_Rousseau	Chevaliers_Genlis	0.01014930009841919
Emilie_Couvray	Nuits_Retif	0.009876101277768612
Ecus_Voltaire	Saisons_Saint-Lambert	0.009739458560943604
Diable_Cazotte	Supplement_Diderot	0.009646759368479252
Aline_Sade	Emilie_Couvray	0.009629213251173496
Contemporaines_Retif	Prince_Gouges	0.009264865890145302
Nuit_Crebillon	Emilie_Couvray	0.009135754778981209
Belisaire_Marmontel	Floricourt_Dorat	0.008855794556438923
L'Anti-Justine_Retif	Floricourt_Dorat	0.008824313059449196
Pervertie_Retif	Pauliska_Saint-Cyr	0.008802448399364948
Monde_Prevost	Fanchette_Retif	0.008673292584717274
Vertueuse_Retif	Parisiennes_Retif	0.008637341670691967
Moraux_Marmontel	Contemporaines_Retif	0.008486131206154823
Contemporaines_Retif	Coelina_Pixerecourt	0.008480566553771496
Liaisons_Laclos	Galatee_Florian	0.008451098576188087
Fanni_Riccoboni	Religieuse_Diderot	0.008292785845696926
L'Emigre_Meilhan	Juliette_Sade	0.008163290098309517
Caliste_Charriere	Fils_Diderot	0.0081246392801404
Religieuse_Diderot	Julie_Rousseau	0.007722119800746441
Micromegas_Voltaire	Caliste_Charriere	0.007125859148800373
Justine_Sade	Saisons_Saint-Lambert	0.006920936983078718
Pauliska_Saint-Cyr	Claire_Cottin	0.006900896318256855
Vertueuse_Retif	Fils_Diderot	0.006115746684372425
Voyage_Maistre	Nuits_Retif	0.005971106700599194
Saisons_Saint-Lambert	L'Ingenu_Voltaire	0.005340818781405687
Saisons_Saint-Lambert	Prince_Gouges	0.005318530835211277
Emile_Rousseau	L'An_Mercier	0.00510913273319602
Candide_Voltaire	Vie_Retif	0.005074666813015938
Floricourt_Dorat	Saisons_Saint-Lambert	0.004293922800570726
Liaisons_Laclos	Adele_Genlis	0.00426180474460125
L'Emigre_Meilhan	Crimes_Sade	0.004142568912357092
Naufrage_Morelly	Jenni_Voltaire	0.0038061984814703465
Rideau_Mirabeau	Crimes_Sade	0.003768176306039095
Justine_Sade	Pauliska_Saint-Cyr	0.0035385964438319206
Fanni_Riccoboni	Contemporaines_Retif	0.003439713967964053
Julie_Rousseau	Juliette_Sade	0.00319289299659431
L'An_Mercier	Julie_Rousseau	0.003166566602885723
Chevaliers_Genlis	Nuits_Retif	0.0029835884924978018
Micromegas_Voltaire	Nuits_Retif	0.0029166818130761385
Justine_Sade	Françaises_Retif	0.002555376850068569
Belisaire_Marmontel	Saisons_Saint-Lambert	0.002427904400974512
Lucile_Retif	Contemporaines_Retif	0.002066005952656269
Pauliska_Saint-Cyr	Perverti_Retif	0.002019206527620554
Caliste_Charriere	Amours_Couvray	0.0019959788769483566
Fanchette_Retif	Fils_Diderot	0.001911836676299572
Candide_Voltaire	Femme_Marmontel	0.0019058671314269304
Pauliska_Saint-Cyr	Fanchette_Retif	0.0018361276015639305
Boudoir_Sade	Nuits_Retif	0.0017995492089539766
Claire_Cottin	Vie_Retif	0.001639762194827199
Micromegas_Voltaire	Voyage_Maistre	0.0016315688844770193
Aline_Sade	Parisiennes_Retif	0.0013057682663202286
Candide_Voltaire	Perverti_Retif	0.0012111336691305041
Fanni_Riccoboni	Belisaire_Marmontel	0.0008211664389818907
Lucile_Retif	Victor_Ducray-Duminil	0.0007521642837673426
Belisaire_Marmontel	Contemporaines_Retif	0.00048685120418667793
Monde_Prevost	Nuits_Retif	0.0003498663427308202
Amours_Couvray	Perverti_Retif	0.0002282555215060711
Adele_Souza	Crimes_Sade	-0.0002659583115018904
Moraux_Marmontel	Parisiennes_Retif	-0.00044026144314557314
Fanni_Riccoboni	Ecus_Voltaire	-0.0005976748652756214
L'An_Mercier	Pervertie_Retif	-0.000660530524328351
Princesse_Voltaire	Fanchette_Retif	-0.0009516849531792104
Micromegas_Voltaire	Lucile_Retif	-0.000978764146566391
Claire_Cottin	Prince_Gouges	-0.001007127109915018
Rideau_Mirabeau	Fils_Diderot	-0.001222237478941679
Victor_Ducray-Duminil	Coelina_Pixerecourt	-0.0013137811329215765
Naufrage_Morelly	Nuits_Retif	-0.0014345550443977118
Voyage_Maistre	Princesse_Voltaire	-0.001671824138611555
Micromegas_Voltaire	Fils_Diderot	-0.0017288411036133766
Claire_Cottin	Monde_Prevost	-0.0023531848564743996
Candide_Voltaire	Moraux_Mercier	-0.00258855358697474
Claire_Cottin	Moraux_Marmontel	-0.0026044114492833614
Candide_Voltaire	Fanchette_Retif	-0.0026388298720121384
Contemporaines_Retif	Emilie_Couvray	-0.0026427407283335924
Moraux_Mercier	Fanchette_Retif	-0.0028314695227891207
Adele_Souza	Religieuse_Diderot	-0.0029949420131742954
Lucile_Retif	Menage_Retif	-0.0034037441946566105
Ecus_Voltaire	Vertueuse_Retif	-0.0034533811267465353
Micromegas_Voltaire	Crimes_Sade	-0.0034743663854897022
Supplement_Diderot	Coelina_Pixerecourt	-0.0038224547170102596
Monde_Prevost	Vie_Retif	-0.0038400914054363966
L'An_Mercier	Fils_Diderot	-0.004245895892381668
Fils_Diderot	Prince_Gouges	-0.004413836635649204
Diable_Cazotte	L'Anti-Justine_Retif	-0.00451031606644392
Fataliste_Diderot	Saisons_Saint-Lambert	-0.004643785767257214
Religieuse_Diderot	Lucile_Retif	-0.004924611188471317
Liaisons_Laclos	Boudoir_Sade	-0.0050195069052278996
Emile_Rousseau	Justine_Sade	-0.00526348315179348
L'Anti-Justine_Retif	Monde_Prevost	-0.005349272862076759
Incas_Marmontel	Contemporaines_Retif	-0.005573473870754242
Belisaire_Marmontel	Chaumiere_Bernardin	-0.005730499047785997
Liaisons_Laclos	Contemporaines_Retif	-0.0058261677622795105
Ecus_Voltaire	Diable_Cazotte	-0.005923443008214235
Fanni_Riccoboni	Saisons_Saint-Lambert	-0.0059520043432712555
L'Emigre_Meilhan	Coelina_Pixerecourt	-0.006378290243446827
Vertueuse_Retif	Perverti_Retif	-0.006573850754648447
Galatee_Florian	Contemporaines_Retif	-0.006628148257732391
L'An_Mercier	Françaises_Retif	-0.006637332960963249
Boudoir_Sade	Crimes_Sade	-0.00674615241587162
Emile_Rousseau	Vertueuse_Retif	-0.006776553578674793
Liaisons_Laclos	L'Emigre_Meilhan	-0.006794576067477465
Ecus_Voltaire	Moraux_Marmontel	-0.007126685231924057
Emilie_Couvray	Coelina_Pixerecourt	-0.007169901393353939
Chaumiere_Bernardin	Aline_Sade	-0.007179752923548222
Caliste_Charriere	Françaises_Retif	-0.007562904618680477
Jenni_Voltaire	Vie_Retif	-0.00772645091637969
Adele_Genlis	Monde_Prevost	-0.007820265367627144
Candide_Voltaire	Pervertie_Retif	-0.007991363294422626
Rideau_Mirabeau	Claire_Cottin	-0.008134009316563606
L'Anti-Justine_Retif	Fanchette_Retif	-0.008161896839737892
Ecus_Voltaire	Fataliste_Diderot	-0.008199470117688179
Prince_Gouges	Nuits_Retif	-0.008238961920142174
Liaisons_Laclos	Princesse_Voltaire	-0.008422696962952614
Diable_Cazotte	Moraux_Marmontel	-0.008821848779916763
Emile_Rousseau	Fanchette_Retif	-0.008829260244965553
Emile_Rousseau	Floricourt_Dorat	-0.008857795968651772
Ecus_Voltaire	Princesse_Voltaire	-0.008941523730754852
Julie_Rousseau	L'Ingenu_Voltaire	-0.009091593325138092
Rideau_Mirabeau	Fataliste_Diderot	-0.009174508042633533
Rideau_Mirabeau	Lucile_Retif	-0.009180307388305664
Moraux_Mercier	Françaises_Retif	-0.009267696179449558
Candide_Voltaire	Vertueuse_Retif	-0.009306058287620544
Rideau_Mirabeau	Boudoir_Sade	-0.00936491135507822
Religieuse_Diderot	Coelina_Pixerecourt	-0.009467228315770626
Chevaliers_Genlis	Menage_Retif	-0.009951806627213955
Pervertie_Retif	Saisons_Saint-Lambert	-0.01024149265140295
Liaisons_Laclos	Monde_Prevost	-0.010401482693850994
Belisaire_Marmontel	Julie_Rousseau	-0.010426263324916363
L'Ingenu_Voltaire	Prince_Gouges	-0.010540523566305637
Chevaliers_Genlis	Contemporaines_Retif	-0.010740866884589195
Rideau_Mirabeau	Aline_Sade	-0.010955041274428368
Chaumiere_Bernardin	Moraux_Mercier	-0.011096014641225338
Julie_Rousseau	Fanchette_Retif	-0.01113196276128292
Chaumiere_Bernardin	Femme_Marmontel	-0.011432448402047157
L'Emigre_Meilhan	Claire_Cottin	-0.011483481153845787
Caliste_Charriere	Saisons_Saint-Lambert	-0.011541001498699188
Fataliste_Diderot	Monde_Prevost	-0.011559623293578625
Rideau_Mirabeau	Menage_Retif	-0.012033374048769474
Naufrage_Morelly	Coelina_Pixerecourt	-0.01224126573652029
Pauliska_Saint-Cyr	Juliette_Sade	-0.012981029227375984
Boudoir_Sade	Supplement_Diderot	-0.013672811910510063
Chevaliers_Genlis	Coelina_Pixerecourt	-0.013740838505327702
Claire_Cottin	Crimes_Sade	-0.0138007253408432
L'Anti-Justine_Retif	Crimes_Sade	-0.013870696537196636
Ecus_Voltaire	Juliette_Sade	-0.01393208745867014
Adele_Souza	Emilie_Couvray	-0.01432511955499649
Micromegas_Voltaire	L'Emigre_Meilhan	-0.014454643242061138
Ecus_Voltaire	Fanchette_Retif	-0.014498410746455193
Liaisons_Laclos	Moraux_Mercier	-0.014545291662216187
Ecus_Voltaire	Lucile_Retif	-0.01476646400988102
Emile_Rousseau	Lucile_Retif	-0.015341457910835743
Candide_Voltaire	Religieuse_Diderot	-0.015404310077428818
Religieuse_Diderot	Moraux_Mercier	-0.015716686844825745
Boudoir_Sade	Fils_Diderot	-0.01581515371799469
Claire_Cottin	Françaises_Retif	-0.01585453934967518
Saisons_Saint-Lambert	Parisiennes_Retif	-0.01585869863629341
Monde_Prevost	L'Ingenu_Voltaire	-0.01593487709760666
Monde_Prevost	Emilie_Couvray	-0.0162977185100317
Amours_Couvray	Contemporaines_Retif	-0.016421973705291748
L'An_Mercier	Moraux_Marmontel	-0.01645193062722683
Adele_Souza	Pauliska_Saint-Cyr	-0.016755269840359688
Lucile_Retif	Femme_Marmontel	-0.01680663600564003
Floricourt_Dorat	Lucile_Retif	-0.01683114841580391
Saisons_Saint-Lambert	Coelina_Pixerecourt	-0.017094342038035393
Adele_Souza	Monde_Prevost	-0.017254874110221863
Fataliste_Diderot	L'Emigre_Meilhan	-0.017722049728035927
Emile_Rousseau	Crimes_Sade	-0.018058694899082184
Incas_Marmontel	Aline_Sade	-0.018107352778315544
Diable_Cazotte	Françaises_Retif	-0.018118657171726227
Rideau_Mirabeau	Monde_Prevost	-0.01825273223221302
Emile_Rousseau	Caliste_Charriere	-0.018273649737238884
Adele_Souza	Coelina_Pixerecourt	-0.01833411119878292
Perverti_Retif	Femme_Marmontel	-0.01836688630282879
L'An_Mercier	Liaisons_Laclos	-0.018497155979275703
Claire_Cottin	Victor_Ducray-Duminil	-0.018973005935549736
Amours_Couvray	Voyage_Maistre	-0.019255269318819046
Candide_Voltaire	Aline_Sade	-0.01960286684334278
Lucile_Retif	L'Ingenu_Voltaire	-0.019687160849571228
Nuit_Crebillon	Jenni_Voltaire	-0.019693443551659584
Emile_Rousseau	Femme_Marmontel	-0.019741740077733994
Galatee_Florian	Caliste_Charriere	-0.01988232508301735
Aline_Sade	Claire_Cottin	-0.02001175656914711
Ecus_Voltaire	Aline_Sade	-0.020077107474207878
Amours_Couvray	Menage_Retif	-0.020131723955273628
Galatee_Florian	Menage_Retif	-0.02023901790380478
Ecus_Voltaire	Floricourt_Dorat	-0.020256981253623962
Parisiennes_Retif	Emilie_Couvray	-0.020432280376553535
L'Anti-Justine_Retif	Femme_Marmontel	-0.020662076771259308
Fanni_Riccoboni	Nuits_Retif	-0.020974868908524513
Incas_Marmontel	Boudoir_Sade	-0.021240774542093277
Amours_Couvray	Emilie_Couvray	-0.021280299872159958
Boudoir_Sade	Vie_Retif	-0.021285587921738625
Moraux_Mercier	Nuits_Retif	-0.02132573537528515
Vertueuse_Retif	Saisons_Saint-Lambert	-0.021894346922636032
L'An_Mercier	Galatee_Florian	-0.02200719341635704
Incas_Marmontel	Adele_Genlis	-0.022132007405161858
Voyage_Maistre	Contemporaines_Retif	-0.02231377549469471
Diable_Cazotte	Lucile_Retif	-0.022400084882974625
Amours_Couvray	Vie_Retif	-0.022439204156398773
Supplement_Diderot	Lucile_Retif	-0.022446487098932266
Lucile_Retif	Juliette_Sade	-0.022496618330478668
Adele_Genlis	Aline_Sade	-0.022880051285028458
Caliste_Charriere	Nuits_Retif	-0.022897759452462196
Ecus_Voltaire	Crimes_Sade	-0.023258784785866737
Fanni_Riccoboni	Chevaliers_Genlis	-0.02335655316710472
L'Emigre_Meilhan	Moraux_Marmontel	-0.02346527948975563
Chaumiere_Bernardin	Emilie_Couvray	-0.02346768230199814
Adele_Genlis	Chevaliers_Genlis	-0.023572741076350212
Pauliska_Saint-Cyr	Prince_Gouges	-0.024118226021528244
Rideau_Mirabeau	Emilie_Couvray	-0.02422492206096649
Chevaliers_Genlis	Aline_Sade	-0.02432660199701786
Saisons_Saint-Lambert	Fils_Diderot	-0.02434679865837097
Fanni_Riccoboni	Vertueuse_Retif	-0.02439246140420437
Chevaliers_Genlis	Lucile_Retif	-0.024481263011693954
Supplement_Diderot	Contemporaines_Retif	-0.024550283327698708
Adele_Genlis	Coelina_Pixerecourt	-0.024552902206778526
Chevaliers_Genlis	Fataliste_Diderot	-0.02457648143172264
Nuit_Crebillon	Coelina_Pixerecourt	-0.025272276252508163
Diable_Cazotte	Floricourt_Dorat	-0.025502726435661316
Candide_Voltaire	Moraux_Marmontel	-0.025609416887164116
Incas_Marmontel	Adele_Souza	-0.02597559243440628
L'Anti-Justine_Retif	Juliette_Sade	-0.026040755212306976
Crimes_Sade	Princesse_Voltaire	-0.026163872331380844
Diable_Cazotte	Rideau_Mirabeau	-0.026177573949098587
Boudoir_Sade	L'Ingenu_Voltaire	-0.026757271960377693
Fanchette_Retif	Menage_Retif	-0.026777764782309532
Chevaliers_Genlis	L'Anti-Justine_Retif	-0.02689265087246895
Justine_Sade	Lucile_Retif	-0.027383461594581604
Emile_Rousseau	Claire_Cottin	-0.02746148407459259
L'An_Mercier	Vie_Retif	-0.027623264119029045
L'Emigre_Meilhan	Supplement_Diderot	-0.028006354346871376
Princesse_Voltaire	Emilie_Couvray	-0.028175124898552895
Fanni_Riccoboni	Diable_Cazotte	-0.028257621452212334
Crimes_Sade	Coelina_Pixerecourt	-0.02845393307507038
Micromegas_Voltaire	Perverti_Retif	-0.028530748561024666
Emile_Rousseau	Amours_Couvray	-0.028640516102313995
Religieuse_Diderot	Fanchette_Retif	-0.028727015480399132
Micromegas_Voltaire	Femme_Marmontel	-0.028976988047361374
Diable_Cazotte	Jenni_Voltaire	-0.02908482775092125
Moraux_Marmontel	Saisons_Saint-Lambert	-0.02925635129213333
L'Emigre_Meilhan	Femme_Marmontel	-0.029376979917287827
Candide_Voltaire	L'Ingenu_Voltaire	-0.029415065422654152
Caliste_Charriere	Aline_Sade	-0.02949247509241104
Supplement_Diderot	Nuits_Retif	-0.029575778171420097
Pervertie_Retif	Vertueuse_Retif	-0.029800517484545708
Ecus_Voltaire	Galatee_Florian	-0.02991294488310814
L'Anti-Justine_Retif	Prince_Gouges	-0.030115250498056412
Moraux_Mercier	Femme_Marmontel	-0.03013133630156517
Diable_Cazotte	L'Emigre_Meilhan	-0.03026600182056427
Crimes_Sade	Françaises_Retif	-0.030363764613866806
Lucile_Retif	Fanchette_Retif	-0.03046583943068981
Galatee_Florian	Fanchette_Retif	-0.03054071217775345
Adele_Genlis	Princesse_Voltaire	-0.030836431309580803
Chaumiere_Bernardin	Vie_Retif	-0.030870184302330017
Rideau_Mirabeau	Fanchette_Retif	-0.03089809976518154
Fataliste_Diderot	Vertueuse_Retif	-0.031422682106494904
L'Anti-Justine_Retif	Victor_Ducray-Duminil	-0.031493913382291794
Fataliste_Diderot	Moraux_Marmontel	-0.03179704397916794
Candide_Voltaire	Nuits_Retif	-0.031930893659591675
Religieuse_Diderot	Crimes_Sade	-0.03251000866293907
Nuit_Crebillon	Parisiennes_Retif	-0.03258044645190239
Nuit_Crebillon	Vertueuse_Retif	-0.032671164721250534
Galatee_Florian	Jenni_Voltaire	-0.03271622583270073
Ecus_Voltaire	Liaisons_Laclos	-0.03271642327308655
Parisiennes_Retif	Juliette_Sade	-0.032774414867162704
Monde_Prevost	Lucile_Retif	-0.03280258923768997
Fanni_Riccoboni	Femme_Marmontel	-0.032836440950632095
Belisaire_Marmontel	L'Emigre_Meilhan	-0.03290195018053055
Chaumiere_Bernardin	L'Emigre_Meilhan	-0.03297276422381401
Micromegas_Voltaire	Princesse_Voltaire	-0.033059217035770416
Incas_Marmontel	Saisons_Saint-Lambert	-0.033079907298088074
Adele_Genlis	Chaumiere_Bernardin	-0.03326389938592911
Adele_Genlis	Femme_Marmontel	-0.03331657499074936
L'Emigre_Meilhan	Pauliska_Saint-Cyr	-0.03339916095137596
Emile_Rousseau	Ecus_Voltaire	-0.03343366086483002
Fanni_Riccoboni	Pervertie_Retif	-0.0334952212870121
Emile_Rousseau	Saisons_Saint-Lambert	-0.03353065252304077
Chaumiere_Bernardin	Claire_Cottin	-0.033537864685058594
L'Emigre_Meilhan	Fils_Diderot	-0.03361166641116142
Menage_Retif	Victor_Ducray-Duminil	-0.033872563391923904
Candide_Voltaire	Galatee_Florian	-0.0339101143181324
Fanni_Riccoboni	Incas_Marmontel	-0.03402980417013168
Incas_Marmontel	Vertueuse_Retif	-0.03428269177675247
Emile_Rousseau	Julie_Rousseau	-0.03437766805291176
Moraux_Marmontel	Françaises_Retif	-0.03462398424744606
Aline_Sade	Supplement_Diderot	-0.03471346199512482
Lucile_Retif	Perverti_Retif	-0.034772198647260666
Incas_Marmontel	Floricourt_Dorat	-0.03485483303666115
Naufrage_Morelly	Vie_Retif	-0.03506096079945564
Crimes_Sade	Vertueuse_Retif	-0.03522728756070137
Claire_Cottin	Floricourt_Dorat	-0.03528503328561783
Caliste_Charriere	Prince_Gouges	-0.035728536546230316
Aline_Sade	L'Emigre_Meilhan	-0.035785380750894547
Femme_Marmontel	Juliette_Sade	-0.03595507889986038
Princesse_Voltaire	Vie_Retif	-0.0360853485763073
L'Emigre_Meilhan	Perverti_Retif	-0.036094412207603455
Voyage_Maistre	Supplement_Diderot	-0.03615961968898773
Rideau_Mirabeau	Saisons_Saint-Lambert	-0.036254946142435074
Chevaliers_Genlis	Pauliska_Saint-Cyr	-0.036456555128097534
Justine_Sade	Aline_Sade	-0.03647497296333313
Naufrage_Morelly	Religieuse_Diderot	-0.03659443184733391
Candide_Voltaire	Ecus_Voltaire	-0.03663039579987526
Adele_Genlis	Fataliste_Diderot	-0.03675372526049614
Liaisons_Laclos	Parisiennes_Retif	-0.03700095787644386
Candide_Voltaire	Claire_Cottin	-0.0371878519654274
Pauliska_Saint-Cyr	Coelina_Pixerecourt	-0.03797953203320503
Naufrage_Morelly	Pauliska_Saint-Cyr	-0.0383051261305809
Fanni_Riccoboni	Floricourt_Dorat	-0.03830552473664284
Nuit_Crebillon	Femme_Marmontel	-0.03841433674097061
Jenni_Voltaire	Nuits_Retif	-0.03869932144880295
Fanchette_Retif	Juliette_Sade	-0.03885888308286667
Nuit_Crebillon	Moraux_Marmontel	-0.039039358496665955
Aline_Sade	Moraux_Marmontel	-0.03913980722427368
Candide_Voltaire	Diable_Cazotte	-0.03932826593518257
Supplement_Diderot	Prince_Gouges	-0.039543379098176956
Supplement_Diderot	L'Ingenu_Voltaire	-0.0396176278591156
L'An_Mercier	L'Anti-Justine_Retif	-0.03988713026046753
Fanni_Riccoboni	Galatee_Florian	-0.04056235030293465
Supplement_Diderot	Moraux_Mercier	-0.04133172705769539
Nuit_Crebillon	Boudoir_Sade	-0.041418738663196564
Diable_Cazotte	Caliste_Charriere	-0.041627220809459686
Lucile_Retif	Princesse_Voltaire	-0.04174894466996193
Amours_Couvray	Fataliste_Diderot	-0.041791755706071854
Supplement_Diderot	Juliette_Sade	-0.0418153777718544
Vie_Retif	Victor_Ducray-Duminil	-0.04183656722307205
Galatee_Florian	Coelina_Pixerecourt	-0.04200663045048714
Parisiennes_Retif	Fils_Diderot	-0.04252757132053375
Crimes_Sade	Contemporaines_Retif	-0.04279375821352005
Nuits_Retif	Juliette_Sade	-0.0433095246553421
Chevaliers_Genlis	Boudoir_Sade	-0.04348422959446907
Menage_Retif	Prince_Gouges	-0.04360536113381386
Emile_Rousseau	L'Anti-Justine_Retif	-0.04404710978269577
Julie_Rousseau	Coelina_Pixerecourt	-0.04416763037443161
Pauliska_Saint-Cyr	Monde_Prevost	-0.04423857852816582
Chaumiere_Bernardin	Coelina_Pixerecourt	-0.04433269798755646
Voyage_Maistre	Juliette_Sade	-0.04435005038976669
Pauliska_Saint-Cyr	Crimes_Sade	-0.044411543756723404
Micromegas_Voltaire	Françaises_Retif	-0.04454964026808739
Emile_Rousseau	Aline_Sade	-0.045012664049863815
Boudoir_Sade	Parisiennes_Retif	-0.04505964741110802
Menage_Retif	Fils_Diderot	-0.045466821640729904
Nuit_Crebillon	Candide_Voltaire	-0.04550819844007492
Belisaire_Marmontel	Supplement_Diderot	-0.04558049887418747
L'An_Mercier	Contemporaines_Retif	-0.04572707787156105
Monde_Prevost	Fils_Diderot	-0.04624338820576668
Floricourt_Dorat	L'Ingenu_Voltaire	-0.046355973929166794
Nuit_Crebillon	Contemporaines_Retif	-0.046426333487033844
Caliste_Charriere	Religieuse_Diderot	-0.04651076719164848
Voyage_Maistre	Fils_Diderot	-0.046890754252672195
Justine_Sade	Vie_Retif	-0.04713210463523865
Pervertie_Retif	Perverti_Retif	-0.04739423096179962
Naufrage_Morelly	Moraux_Mercier	-0.04742376506328583
Candide_Voltaire	Adele_Souza	-0.04752115532755852
Liaisons_Laclos	Juliette_Sade	-0.04792293161153793
Claire_Cottin	Saisons_Saint-Lambert	-0.048375438898801804
Adele_Genlis	Juliette_Sade	-0.0489739291369915
L'An_Mercier	L'Ingenu_Voltaire	-0.04907679557800293
Caliste_Charriere	Floricourt_Dorat	-0.04919411987066269
Boudoir_Sade	Juliette_Sade	-0.049242548644542694
Galatee_Florian	Vie_Retif	-0.04931742325425148
Rideau_Mirabeau	Supplement_Diderot	-0.04969308525323868
Pervertie_Retif	Françaises_Retif	-0.049705810844898224
Candide_Voltaire	Amours_Couvray	-0.04994611814618111
Jenni_Voltaire	Juliette_Sade	-0.049970678985118866
Adele_Genlis	Vertueuse_Retif	-0.050082504749298096
Boudoir_Sade	Françaises_Retif	-0.05011533573269844
Naufrage_Morelly	Supplement_Diderot	-0.0502721332013607
Pervertie_Retif	Fanchette_Retif	-0.05064231529831886
Incas_Marmontel	Menage_Retif	-0.05081900209188461
Fataliste_Diderot	Vie_Retif	-0.050820242613554
Incas_Marmontel	Fataliste_Diderot	-0.050822172313928604
Chaumiere_Bernardin	Monde_Prevost	-0.05087919533252716
Crimes_Sade	Femme_Marmontel	-0.05093492940068245
Nuit_Crebillon	Perverti_Retif	-0.051157694309949875
Micromegas_Voltaire	Contemporaines_Retif	-0.05122576653957367
Chaumiere_Bernardin	Parisiennes_Retif	-0.05139707401394844
Fanni_Riccoboni	Pauliska_Saint-Cyr	-0.051438964903354645
Diable_Cazotte	Fils_Diderot	-0.05144686624407768
Fanni_Riccoboni	Voyage_Maistre	-0.051465827971696854
Pervertie_Retif	L'Ingenu_Voltaire	-0.05149546638131142
Chaumiere_Bernardin	Julie_Rousseau	-0.05185729265213013
Naufrage_Morelly	Ecus_Voltaire	-0.05206482112407684
Pervertie_Retif	Prince_Gouges	-0.05217935889959335
Chevaliers_Genlis	Femme_Marmontel	-0.05219830572605133
Supplement_Diderot	Vie_Retif	-0.052243854850530624
Incas_Marmontel	Femme_Marmontel	-0.052451614290475845
Vertueuse_Retif	Contemporaines_Retif	-0.05251885950565338
L'An_Mercier	Boudoir_Sade	-0.05275508388876915
Ecus_Voltaire	Rideau_Mirabeau	-0.052803076803684235
Moraux_Marmontel	Jenni_Voltaire	-0.05305912718176842
Belisaire_Marmontel	Moraux_Marmontel	-0.053502339869737625
Moraux_Mercier	Coelina_Pixerecourt	-0.05355808511376381
Liaisons_Laclos	Victor_Ducray-Duminil	-0.053738877177238464
Galatee_Florian	Fataliste_Diderot	-0.05381343513727188
Naufrage_Morelly	Prince_Gouges	-0.05393707752227783
Amours_Couvray	Fils_Diderot	-0.05411670356988907
Pervertie_Retif	Fils_Diderot	-0.05413602292537689
Candide_Voltaire	Caliste_Charriere	-0.054748404771089554
Chevaliers_Genlis	Fils_Diderot	-0.05476735159754753
Supplement_Diderot	Fanchette_Retif	-0.055382564663887024
Jenni_Voltaire	Prince_Gouges	-0.055502794682979584
Perverti_Retif	Parisiennes_Retif	-0.05583284795284271
Prince_Gouges	Coelina_Pixerecourt	-0.055873677134513855
Ecus_Voltaire	Claire_Cottin	-0.05608990415930748
Chevaliers_Genlis	Fanchette_Retif	-0.05625707283616066
Fanni_Riccoboni	Fataliste_Diderot	-0.056368160992860794
Fanni_Riccoboni	Liaisons_Laclos	-0.05663938820362091
Chaumiere_Bernardin	Victor_Ducray-Duminil	-0.05664962902665138
Fanni_Riccoboni	Caliste_Charriere	-0.056799449026584625
L'Ingenu_Voltaire	Victor_Ducray-Duminil	-0.057044483721256256
Pervertie_Retif	Justine_Sade	-0.05745597556233406
Princesse_Voltaire	Jenni_Voltaire	-0.05758259817957878
Floricourt_Dorat	Coelina_Pixerecourt	-0.05762491375207901
Amours_Couvray	Floricourt_Dorat	-0.057876378297805786
Micromegas_Voltaire	Prince_Gouges	-0.058012980967760086
Adele_Genlis	Françaises_Retif	-0.05821143835783005
Voyage_Maistre	L'Ingenu_Voltaire	-0.05826793238520622
Nuit_Crebillon	Pervertie_Retif	-0.05853265896439552
Caliste_Charriere	Perverti_Retif	-0.058719418942928314
Supplement_Diderot	Moraux_Marmontel	-0.05903465300798416
Adele_Genlis	Lucile_Retif	-0.05931467190384865
Adele_Genlis	Religieuse_Diderot	-0.05935659259557724
Micromegas_Voltaire	Jenni_Voltaire	-0.05947456508874893
Amours_Couvray	L'Emigre_Meilhan	-0.05948343127965927
Perverti_Retif	Nuits_Retif	-0.059733033180236816
Nuit_Crebillon	L'Ingenu_Voltaire	-0.05977746844291687
Pervertie_Retif	Victor_Ducray-Duminil	-0.05982706695795059
Crimes_Sade	Fanchette_Retif	-0.059830162674188614
Galatee_Florian	Fils_Diderot	-0.059971883893013
Saisons_Saint-Lambert	Menage_Retif	-0.060158245265483856
Candide_Voltaire	Fataliste_Diderot	-0.060215022414922714
Religieuse_Diderot	Nuits_Retif	-0.060254160314798355
Aline_Sade	Crimes_Sade	-0.06036420911550522
Micromegas_Voltaire	Monde_Prevost	-0.06071322038769722
Candide_Voltaire	Prince_Gouges	-0.06118043139576912
Adele_Souza	Fataliste_Diderot	-0.06119456887245178
Belisaire_Marmontel	Vertueuse_Retif	-0.06137808412313461
Naufrage_Morelly	Fanni_Riccoboni	-0.06144804134964943
Moraux_Mercier	Prince_Gouges	-0.06183784455060959
Julie_Rousseau	Emilie_Couvray	-0.06201275810599327
Liaisons_Laclos	L'Ingenu_Voltaire	-0.06212077662348747
Supplement_Diderot	Perverti_Retif	-0.062190357595682144
Boudoir_Sade	Moraux_Mercier	-0.06221809983253479
Naufrage_Morelly	Juliette_Sade	-0.0630641058087349
Menage_Retif	Contemporaines_Retif	-0.06322362273931503
Fataliste_Diderot	Parisiennes_Retif	-0.06326714903116226
Adele_Genlis	Rideau_Mirabeau	-0.06333006173372269
Aline_Sade	Françaises_Retif	-0.06381890922784805
Claire_Cottin	Princesse_Voltaire	-0.06396552920341492
Chevaliers_Genlis	Juliette_Sade	-0.06445396691560745
Justine_Sade	Victor_Ducray-Duminil	-0.06448803097009659
Pauliska_Saint-Cyr	Moraux_Mercier	-0.06450650095939636
Justine_Sade	Emilie_Couvray	-0.06493085622787476
Liaisons_Laclos	Jenni_Voltaire	-0.06496566534042358
Fanchette_Retif	Parisiennes_Retif	-0.06527494639158249
Amours_Couvray	Moraux_Marmontel	-0.06544162333011627
L'An_Mercier	Diable_Cazotte	-0.06552522629499435
L'Emigre_Meilhan	Julie_Rousseau	-0.0655619353055954
Menage_Retif	Nuits_Retif	-0.06581002473831177
Adele_Souza	Prince_Gouges	-0.06587658077478409
Galatee_Florian	Saisons_Saint-Lambert	-0.06601151823997498
Chaumiere_Bernardin	Moraux_Marmontel	-0.06609401106834412
Naufrage_Morelly	Crimes_Sade	-0.06675142794847488
Amours_Couvray	L'Ingenu_Voltaire	-0.06719687581062317
Chevaliers_Genlis	L'Ingenu_Voltaire	-0.06729399412870407
Caliste_Charriere	L'Emigre_Meilhan	-0.06746137887239456
Pauliska_Saint-Cyr	Moraux_Marmontel	-0.06749124825000763
Monde_Prevost	Moraux_Mercier	-0.06791389733552933
Adele_Souza	Nuits_Retif	-0.06792370229959488
L'An_Mercier	Caliste_Charriere	-0.06806483119726181
Fataliste_Diderot	Victor_Ducray-Duminil	-0.06816428899765015
Julie_Rousseau	Menage_Retif	-0.06832059472799301
Floricourt_Dorat	Fils_Diderot	-0.06846960633993149
Vie_Retif	Prince_Gouges	-0.06908462196588516
Voyage_Maistre	Coelina_Pixerecourt	-0.0691455826163292
Voyage_Maistre	Jenni_Voltaire	-0.06921276450157166
Boudoir_Sade	Pauliska_Saint-Cyr	-0.06973632425069809
Pervertie_Retif	Boudoir_Sade	-0.06998201459646225
Femme_Marmontel	Prince_Gouges	-0.07034435868263245
Fanni_Riccoboni	Moraux_Marmontel	-0.07061852514743805
Caliste_Charriere	Parisiennes_Retif	-0.07070325314998627
Incas_Marmontel	Perverti_Retif	-0.07077524065971375
Boudoir_Sade	Lucile_Retif	-0.07095576822757721
Chevaliers_Genlis	Crimes_Sade	-0.07132085412740707
Adele_Souza	L'Anti-Justine_Retif	-0.07133175432682037
Fataliste_Diderot	L'Ingenu_Voltaire	-0.07148870825767517
Diable_Cazotte	Coelina_Pixerecourt	-0.07154424488544464
Liaisons_Laclos	Menage_Retif	-0.07188156247138977
Emile_Rousseau	Diable_Cazotte	-0.07193631678819656
Micromegas_Voltaire	Pervertie_Retif	-0.07197305560112
Chaumiere_Bernardin	Crimes_Sade	-0.07198566943407059
Prince_Gouges	Juliette_Sade	-0.07207203656435013
Galatee_Florian	L'Emigre_Meilhan	-0.07272897660732269
Nuit_Crebillon	Pauliska_Saint-Cyr	-0.07286626845598221
Amours_Couvray	Lucile_Retif	-0.07378256320953369
Fanchette_Retif	Prince_Gouges	-0.07402680814266205
Chevaliers_Genlis	Victor_Ducray-Duminil	-0.0740431472659111
Adele_Souza	Fils_Diderot	-0.07423388957977295
Floricourt_Dorat	Fanchette_Retif	-0.07461623847484589
Naufrage_Morelly	Fanchette_Retif	-0.07477705180644989
Vertueuse_Retif	Jenni_Voltaire	-0.07512236386537552
L'An_Mercier	Parisiennes_Retif	-0.07543779164552689
Micromegas_Voltaire	Moraux_Marmontel	-0.07556802779436111
Adele_Genlis	Justine_Sade	-0.07562112808227539
Femme_Marmontel	Nuits_Retif	-0.07570307701826096
Justine_Sade	Chaumiere_Bernardin	-0.07574374228715897
Candide_Voltaire	Juliette_Sade	-0.07575349509716034
Pervertie_Retif	Rideau_Mirabeau	-0.07576778531074524
Crimes_Sade	Victor_Ducray-Duminil	-0.0759526714682579
Incas_Marmontel	Lucile_Retif	-0.07609160989522934
Claire_Cottin	Perverti_Retif	-0.07615552842617035
Adele_Souza	Princesse_Voltaire	-0.07669565826654434
Adele_Genlis	Saisons_Saint-Lambert	-0.07672398537397385
Micromegas_Voltaire	Ecus_Voltaire	-0.07690076529979706
Ecus_Voltaire	Voyage_Maistre	-0.07755124568939209
Diable_Cazotte	Chevaliers_Genlis	-0.07761365175247192
Voyage_Maistre	Menage_Retif	-0.07777226716279984
Parisiennes_Retif	Coelina_Pixerecourt	-0.07799702882766724
Emile_Rousseau	Victor_Ducray-Duminil	-0.07802983373403549
Ecus_Voltaire	Françaises_Retif	-0.07816632091999054
Religieuse_Diderot	Vertueuse_Retif	-0.07839229702949524
Ecus_Voltaire	L'An_Mercier	-0.07845469564199448
Vertueuse_Retif	Prince_Gouges	-0.07860630750656128
Incas_Marmontel	Chaumiere_Bernardin	-0.07916123420000076
Aline_Sade	Boudoir_Sade	-0.0793926864862442
Fanchette_Retif	L'Ingenu_Voltaire	-0.07940633594989777
Amours_Couvray	Chevaliers_Genlis	-0.07966718822717667
Emile_Rousseau	Moraux_Mercier	-0.08099783957004547
Ecus_Voltaire	Adele_Souza	-0.08132056891918182
Liaisons_Laclos	Fanchette_Retif	-0.08135076612234116
Moraux_Mercier	Perverti_Retif	-0.08145903795957565
Jenni_Voltaire	Victor_Ducray-Duminil	-0.08152440190315247
Moraux_Mercier	Jenni_Voltaire	-0.08161619305610657
Chevaliers_Genlis	Françaises_Retif	-0.08197300881147385
Galatee_Florian	Nuits_Retif	-0.08200953900814056
Lucile_Retif	Moraux_Mercier	-0.08208689838647842
Fanni_Riccoboni	L'Emigre_Meilhan	-0.08209328353404999
Fanni_Riccoboni	Princesse_Voltaire	-0.08239779621362686
L'An_Mercier	Vertueuse_Retif	-0.08241015672683716
L'Anti-Justine_Retif	Fils_Diderot	-0.08265113830566406
Emile_Rousseau	Nuits_Retif	-0.08268982917070389
L'Emigre_Meilhan	Menage_Retif	-0.08287503570318222
Pauliska_Saint-Cyr	Femme_Marmontel	-0.0831795483827591
Belisaire_Marmontel	L'An_Mercier	-0.08359924703836441
Supplement_Diderot	Menage_Retif	-0.08380251377820969
L'Anti-Justine_Retif	Pauliska_Saint-Cyr	-0.08426135033369064
Fataliste_Diderot	Emilie_Couvray	-0.08447331190109253
Galatee_Florian	Femme_Marmontel	-0.08493734896183014
Liaisons_Laclos	Crimes_Sade	-0.08515740931034088
Adele_Genlis	Perverti_Retif	-0.08525253087282181
Galatee_Florian	Floricourt_Dorat	-0.08600865304470062
Adele_Souza	Lucile_Retif	-0.08632553368806839
Adele_Genlis	Moraux_Marmontel	-0.0864594429731369
Galatee_Florian	Chevaliers_Genlis	-0.08685065805912018
Pervertie_Retif	Menage_Retif	-0.0870206207036972
Justine_Sade	Adele_Souza	-0.08703204989433289
Nuit_Crebillon	Menage_Retif	-0.08705610781908035
Micromegas_Voltaire	Adele_Souza	-0.0870884507894516
L'Emigre_Meilhan	L'Ingenu_Voltaire	-0.08767009526491165
Adele_Genlis	Caliste_Charriere	-0.08777713030576706
Candide_Voltaire	Coelina_Pixerecourt	-0.08807405084371567
Princesse_Voltaire	Juliette_Sade	-0.08820705115795135
L'An_Mercier	Fanchette_Retif	-0.0889318659901619
Incas_Marmontel	Rideau_Mirabeau	-0.08893243968486786
Nuit_Crebillon	Floricourt_Dorat	-0.08933739364147186
Adele_Genlis	Boudoir_Sade	-0.08962511271238327
Princesse_Voltaire	Perverti_Retif	-0.08964329212903976
Lucile_Retif	Nuits_Retif	-0.08970057964324951
Aline_Sade	Jenni_Voltaire	-0.08976103365421295
Monde_Prevost	Menage_Retif	-0.08993732929229736
Liaisons_Laclos	Floricourt_Dorat	-0.09015063941478729
Rideau_Mirabeau	Parisiennes_Retif	-0.09020589292049408
Nuit_Crebillon	Monde_Prevost	-0.09035096317529678
Fataliste_Diderot	Perverti_Retif	-0.09054780751466751
Candide_Voltaire	Boudoir_Sade	-0.09060412645339966
Emile_Rousseau	Fils_Diderot	-0.09075827896595001
Aline_Sade	Coelina_Pixerecourt	-0.0908050537109375
Adele_Genlis	Vie_Retif	-0.09083321690559387
Amours_Couvray	Nuits_Retif	-0.09113063663244247
Victor_Ducray-Duminil	Juliette_Sade	-0.09140840172767639
Chaumiere_Bernardin	Voyage_Maistre	-0.09142278134822845
Emile_Rousseau	Contemporaines_Retif	-0.09150079637765884
Liaisons_Laclos	Julie_Rousseau	-0.09167681634426117
Chaumiere_Bernardin	Fils_Diderot	-0.09174679964780807
Candide_Voltaire	L'Anti-Justine_Retif	-0.09184528887271881
Pervertie_Retif	Coelina_Pixerecourt	-0.09208226203918457
Adele_Genlis	Julie_Rousseau	-0.09209047257900238
Fanni_Riccoboni	Monde_Prevost	-0.09213729202747345
Aline_Sade	Moraux_Mercier	-0.09213966876268387
Julie_Rousseau	Françaises_Retif	-0.0925002470612526
Julie_Rousseau	Saisons_Saint-Lambert	-0.09252865612506866
Galatee_Florian	Chaumiere_Bernardin	-0.09267813712358475
Chevaliers_Genlis	Moraux_Marmontel	-0.0928114801645279
Perverti_Retif	Françaises_Retif	-0.0929727703332901
L'An_Mercier	Voyage_Maistre	-0.09343962371349335
Galatee_Florian	Emilie_Couvray	-0.0934540182352066
Amours_Couvray	Aline_Sade	-0.0938866138458252
Nuit_Crebillon	Fanchette_Retif	-0.09473437070846558
Justine_Sade	Femme_Marmontel	-0.09484182298183441
Fanni_Riccoboni	Fils_Diderot	-0.09519647061824799
Contemporaines_Retif	Parisiennes_Retif	-0.09559474885463715
Parisiennes_Retif	Prince_Gouges	-0.09581039845943451
Chaumiere_Bernardin	Nuits_Retif	-0.09599816799163818
Voyage_Maistre	Julie_Rousseau	-0.09605854749679565
Boudoir_Sade	Emilie_Couvray	-0.096237413585186
Religieuse_Diderot	Moraux_Marmontel	-0.09675956517457962
Pauliska_Saint-Cyr	Saisons_Saint-Lambert	-0.09679973125457764
Naufrage_Morelly	Aline_Sade	-0.09684918075799942
Galatee_Florian	Moraux_Marmontel	-0.09731899946928024
Ecus_Voltaire	Chevaliers_Genlis	-0.09748140722513199
Emile_Rousseau	Parisiennes_Retif	-0.0977088138461113
Aline_Sade	Prince_Gouges	-0.097743920981884
Claire_Cottin	Fils_Diderot	-0.09777535498142242
Adele_Souza	Boudoir_Sade	-0.09786255657672882
L'Emigre_Meilhan	Prince_Gouges	-0.09840673208236694
Ecus_Voltaire	Religieuse_Diderot	-0.09869429469108582
Fanchette_Retif	Jenni_Voltaire	-0.09929297119379044
Fanni_Riccoboni	Supplement_Diderot	-0.09958850592374802
Naufrage_Morelly	L'An_Mercier	-0.0996551439166069
Aline_Sade	Femme_Marmontel	-0.10021093487739563
Aline_Sade	Victor_Ducray-Duminil	-0.1005990207195282
Adele_Genlis	Fils_Diderot	-0.10086359083652496
L'An_Mercier	Prince_Gouges	-0.10095155239105225
Chaumiere_Bernardin	Pauliska_Saint-Cyr	-0.1024109423160553
Chaumiere_Bernardin	Adele_Souza	-0.10260888934135437
Fataliste_Diderot	Fanchette_Retif	-0.1026606336236
Belisaire_Marmontel	Moraux_Mercier	-0.10266152769327164
Supplement_Diderot	Princesse_Voltaire	-0.1027444452047348
Fanni_Riccoboni	L'Ingenu_Voltaire	-0.1028892770409584
Adele_Genlis	Parisiennes_Retif	-0.10307745635509491
Candide_Voltaire	Contemporaines_Retif	-0.1031307801604271
Vertueuse_Retif	Lucile_Retif	-0.10314566642045975
Liaisons_Laclos	Vie_Retif	-0.10366665571928024
Adele_Souza	Jenni_Voltaire	-0.10373996198177338
Chaumiere_Bernardin	Contemporaines_Retif	-0.1039518490433693
L'An_Mercier	Monde_Prevost	-0.10453485697507858
Incas_Marmontel	Nuits_Retif	-0.10462959110736847
Liaisons_Laclos	Nuits_Retif	-0.10469447076320648
Supplement_Diderot	Claire_Cottin	-0.10469546914100647
Diable_Cazotte	Princesse_Voltaire	-0.10482388734817505
Micromegas_Voltaire	Victor_Ducray-Duminil	-0.10538078844547272
Fanni_Riccoboni	Vie_Retif	-0.10546719282865524
Adele_Genlis	Voyage_Maistre	-0.10588827729225159
Nuit_Crebillon	Justine_Sade	-0.10591261088848114
Supplement_Diderot	Crimes_Sade	-0.10603871941566467
Pervertie_Retif	Parisiennes_Retif	-0.10632526874542236
Liaisons_Laclos	Moraux_Marmontel	-0.10639464855194092
L'Anti-Justine_Retif	Claire_Cottin	-0.1064528077840805
Crimes_Sade	Juliette_Sade	-0.10660868138074875
Religieuse_Diderot	Fils_Diderot	-0.10686159133911133
Galatee_Florian	Claire_Cottin	-0.10699398070573807
Ecus_Voltaire	Nuits_Retif	-0.1071603000164032
Rideau_Mirabeau	Femme_Marmontel	-0.10729201138019562
Pervertie_Retif	Caliste_Charriere	-0.1073327288031578
Voyage_Maistre	Fataliste_Diderot	-0.10768286883831024
Emile_Rousseau	Rideau_Mirabeau	-0.10808113217353821
Chaumiere_Bernardin	Vertueuse_Retif	-0.10822471976280212
Incas_Marmontel	Fils_Diderot	-0.10826762020587921
Adele_Souza	Moraux_Marmontel	-0.10837452113628387
Saisons_Saint-Lambert	Contemporaines_Retif	-0.1087726429104805
Adele_Souza	Parisiennes_Retif	-0.10972276329994202
Caliste_Charriere	Claire_Cottin	-0.109726682305336
Fanni_Riccoboni	Françaises_Retif	-0.1099487692117691
Fataliste_Diderot	Menage_Retif	-0.11068375408649445
Adele_Souza	L'Ingenu_Voltaire	-0.11107271909713745
Rideau_Mirabeau	Moraux_Mercier	-0.1113971695303917
Chevaliers_Genlis	Saisons_Saint-Lambert	-0.1116349995136261
Amours_Couvray	Religieuse_Diderot	-0.11173784732818604
Chaumiere_Bernardin	Fanchette_Retif	-0.11174026131629944
Micromegas_Voltaire	Rideau_Mirabeau	-0.11176124960184097
Saisons_Saint-Lambert	Emilie_Couvray	-0.11205833405256271
Liaisons_Laclos	Supplement_Diderot	-0.11212614923715591
Naufrage_Morelly	Françaises_Retif	-0.1130274087190628
Claire_Cottin	Contemporaines_Retif	-0.11306067556142807
Justine_Sade	Menage_Retif	-0.1132846474647522
Fanni_Riccoboni	Boudoir_Sade	-0.11366266012191772
Voyage_Maistre	Pauliska_Saint-Cyr	-0.11385338008403778
Amours_Couvray	Crimes_Sade	-0.11395863443613052
Galatee_Florian	Supplement_Diderot	-0.11414864659309387
Vie_Retif	Contemporaines_Retif	-0.11423242092132568
Saisons_Saint-Lambert	Nuits_Retif	-0.11462356895208359
Aline_Sade	L'Ingenu_Voltaire	-0.1153554618358612
Nuit_Crebillon	Amours_Couvray	-0.11551062762737274
Belisaire_Marmontel	Vie_Retif	-0.11571510136127472
Adele_Souza	Perverti_Retif	-0.11598148941993713
Floricourt_Dorat	Moraux_Mercier	-0.11657794564962387
Monde_Prevost	Victor_Ducray-Duminil	-0.11669089645147324
Chaumiere_Bernardin	Françaises_Retif	-0.11727962642908096
Chaumiere_Bernardin	Jenni_Voltaire	-0.11737808585166931
Naufrage_Morelly	Amours_Couvray	-0.11750415712594986
Fataliste_Diderot	Prince_Gouges	-0.11762381345033646
Princesse_Voltaire	Menage_Retif	-0.11792252957820892
Fataliste_Diderot	L'Anti-Justine_Retif	-0.11801893264055252
Naufrage_Morelly	Perverti_Retif	-0.1184520423412323
Françaises_Retif	Juliette_Sade	-0.11854099482297897
Micromegas_Voltaire	Menage_Retif	-0.1188807487487793
Vie_Retif	Fils_Diderot	-0.11923784017562866
Fils_Diderot	Juliette_Sade	-0.11933209002017975
Galatee_Florian	Julie_Rousseau	-0.11933783441781998
Diable_Cazotte	Moraux_Mercier	-0.11948370188474655
Fanni_Riccoboni	Prince_Gouges	-0.11955912411212921
Nuit_Crebillon	Diable_Cazotte	-0.11982326954603195
Diable_Cazotte	Adele_Souza	-0.11987306922674179
Juliette_Sade	Coelina_Pixerecourt	-0.11995572596788406
Fanni_Riccoboni	Rideau_Mirabeau	-0.12034540623426437
Incas_Marmontel	Amours_Couvray	-0.12065061181783676
Justine_Sade	Vertueuse_Retif	-0.1207425445318222
Micromegas_Voltaire	Floricourt_Dorat	-0.12085694074630737
Emile_Rousseau	Adele_Genlis	-0.12128878384828568
Supplement_Diderot	Saisons_Saint-Lambert	-0.12129659950733185
Amours_Couvray	Pauliska_Saint-Cyr	-0.12196128815412521
Contemporaines_Retif	Juliette_Sade	-0.12208323180675507
Floricourt_Dorat	Victor_Ducray-Duminil	-0.12345584481954575
Adele_Genlis	Pervertie_Retif	-0.1234692707657814
Micromegas_Voltaire	Nuit_Crebillon	-0.1236470565199852
Emile_Rousseau	Pauliska_Saint-Cyr	-0.12390263378620148
Belisaire_Marmontel	Victor_Ducray-Duminil	-0.12446003407239914
Julie_Rousseau	Vertueuse_Retif	-0.12463171035051346
Nuits_Retif	Coelina_Pixerecourt	-0.1258036196231842
Rideau_Mirabeau	Vie_Retif	-0.12582245469093323
Amours_Couvray	Françaises_Retif	-0.12605229020118713
Micromegas_Voltaire	Saisons_Saint-Lambert	-0.1264430731534958
Liaisons_Laclos	Françaises_Retif	-0.12660348415374756
L'Anti-Justine_Retif	Emilie_Couvray	-0.12661004066467285
Rideau_Mirabeau	L'Emigre_Meilhan	-0.1268453598022461
Adele_Genlis	Amours_Couvray	-0.12714192271232605
Religieuse_Diderot	Perverti_Retif	-0.12720172107219696
Vie_Retif	Nuits_Retif	-0.12732188403606415
Perverti_Retif	Victor_Ducray-Duminil	-0.12753519415855408
Justine_Sade	Moraux_Marmontel	-0.12851984798908234
Boudoir_Sade	Julie_Rousseau	-0.128538116812706
Crimes_Sade	L'Ingenu_Voltaire	-0.1291433721780777
Naufrage_Morelly	Chaumiere_Bernardin	-0.12940865755081177
Princesse_Voltaire	Nuits_Retif	-0.13013510406017303
Pervertie_Retif	Vie_Retif	-0.13046252727508545
Rideau_Mirabeau	Adele_Souza	-0.13048464059829712
Moraux_Marmontel	Fils_Diderot	-0.1305990368127823
Chevaliers_Genlis	Vie_Retif	-0.1313859522342682
Crimes_Sade	Saisons_Saint-Lambert	-0.13142625987529755
Voyage_Maistre	Lucile_Retif	-0.13161280751228333
Nuit_Crebillon	Vie_Retif	-0.13170956075191498
L'An_Mercier	Amours_Couvray	-0.1320616900920868
L'An_Mercier	Femme_Marmontel	-0.1322064995765686
Rideau_Mirabeau	Coelina_Pixerecourt	-0.13240009546279907
Menage_Retif	Jenni_Voltaire	-0.1325831562280655
Adele_Genlis	L'Emigre_Meilhan	-0.13271698355674744
Pauliska_Saint-Cyr	Victor_Ducray-Duminil	-0.13277441263198853
Boudoir_Sade	Contemporaines_Retif	-0.1330399364233017
Crimes_Sade	Moraux_Mercier	-0.1333409696817398
Adele_Genlis	Jenni_Voltaire	-0.13337922096252441
Adele_Genlis	Emilie_Couvray	-0.133409321308136
Vertueuse_Retif	Menage_Retif	-0.13514575362205505
Ecus_Voltaire	Julie_Rousseau	-0.13530988991260529
Rideau_Mirabeau	Moraux_Marmontel	-0.1353122889995575
Amours_Couvray	Saisons_Saint-Lambert	-0.135576993227005
Floricourt_Dorat	Menage_Retif	-0.1357966810464859
Caliste_Charriere	Crimes_Sade	-0.1372687965631485
Moraux_Marmontel	Nuits_Retif	-0.13750363886356354
L'Ingenu_Voltaire	Parisiennes_Retif	-0.13810700178146362
Belisaire_Marmontel	Aline_Sade	-0.13827452063560486
Supplement_Diderot	Pauliska_Saint-Cyr	-0.138368621468544
Princesse_Voltaire	Victor_Ducray-Duminil	-0.13905876874923706
Floricourt_Dorat	Vie_Retif	-0.14050087332725525
Aline_Sade	Fataliste_Diderot	-0.14075402915477753
Naufrage_Morelly	Fataliste_Diderot	-0.14122973382472992
Fataliste_Diderot	Julie_Rousseau	-0.1414584070444107
Fanni_Riccoboni	Coelina_Pixerecourt	-0.14152725040912628
Claire_Cottin	Lucile_Retif	-0.14194951951503754
Micromegas_Voltaire	Chaumiere_Bernardin	-0.14288268983364105
Caliste_Charriere	Chaumiere_Bernardin	-0.14358414709568024
Aline_Sade	L'Anti-Justine_Retif	-0.14391657710075378
Fanni_Riccoboni	Justine_Sade	-0.1455775648355484
L'An_Mercier	Floricourt_Dorat	-0.1464095115661621
Floricourt_Dorat	Jenni_Voltaire	-0.14656728506088257
Candide_Voltaire	Liaisons_Laclos	-0.14675405621528625
Nuit_Crebillon	Fils_Diderot	-0.14677457511425018
Boudoir_Sade	Religieuse_Diderot	-0.14750422537326813
Julie_Rousseau	Moraux_Mercier	-0.1475382298231125
Amours_Couvray	Vertueuse_Retif	-0.14943131804466248
Amours_Couvray	Moraux_Mercier	-0.1501842439174652
Fanni_Riccoboni	L'Anti-Justine_Retif	-0.15030008554458618
Diable_Cazotte	L'Ingenu_Voltaire	-0.15057384967803955
Ecus_Voltaire	Parisiennes_Retif	-0.15268027782440186
Incas_Marmontel	Juliette_Sade	-0.15285733342170715
Pauliska_Saint-Cyr	Fils_Diderot	-0.15303853154182434
L'An_Mercier	Coelina_Pixerecourt	-0.1531793177127838
Ecus_Voltaire	Justine_Sade	-0.15342184901237488
Justine_Sade	Moraux_Mercier	-0.15455684065818787
Crimes_Sade	Parisiennes_Retif	-0.1551777422428131
Nuit_Crebillon	Voyage_Maistre	-0.15522362291812897
Rideau_Mirabeau	Voyage_Maistre	-0.1552930474281311
Caliste_Charriere	Femme_Marmontel	-0.15543949604034424
Justine_Sade	Juliette_Sade	-0.1554587185382843
Candide_Voltaire	Françaises_Retif	-0.15567131340503693
Rideau_Mirabeau	Nuits_Retif	-0.15678100287914276
Crimes_Sade	Floricourt_Dorat	-0.15715211629867554
Chaumiere_Bernardin	Supplement_Diderot	-0.15732316672801971
Galatee_Florian	Françaises_Retif	-0.1585891842842102
Lucile_Retif	Emilie_Couvray	-0.15883103013038635
Claire_Cottin	Coelina_Pixerecourt	-0.16050031781196594
Femme_Marmontel	Contemporaines_Retif	-0.160892516374588
Voyage_Maistre	Claire_Cottin	-0.1619405597448349
Contemporaines_Retif	Fils_Diderot	-0.1619611382484436
Galatee_Florian	Religieuse_Diderot	-0.16289588809013367
Monde_Prevost	Femme_Marmontel	-0.16541866958141327
Princesse_Voltaire	Fils_Diderot	-0.16602294147014618
Emile_Rousseau	Liaisons_Laclos	-0.16622017323970795
Candide_Voltaire	Menage_Retif	-0.1670066863298416
Diable_Cazotte	Juliette_Sade	-0.16916431486606598
Ecus_Voltaire	Pauliska_Saint-Cyr	-0.16917937994003296
Moraux_Marmontel	Julie_Rousseau	-0.1694658100605011
Liaisons_Laclos	Perverti_Retif	-0.1695282906293869
Boudoir_Sade	Femme_Marmontel	-0.17058861255645752
L'Emigre_Meilhan	Fanchette_Retif	-0.17075642943382263
L'An_Mercier	Justine_Sade	-0.17126581072807312
Belisaire_Marmontel	Coelina_Pixerecourt	-0.17346060276031494
Incas_Marmontel	Supplement_Diderot	-0.17417122423648834
Nuit_Crebillon	Nuits_Retif	-0.17469093203544617
Diable_Cazotte	Chaumiere_Bernardin	-0.175211563706398
Amours_Couvray	Jenni_Voltaire	-0.1773795187473297
Princesse_Voltaire	Moraux_Mercier	-0.1777748465538025
Candide_Voltaire	Rideau_Mirabeau	-0.17789597809314728
L'An_Mercier	Supplement_Diderot	-0.17874786257743835
Monde_Prevost	Julie_Rousseau	-0.1790275275707245
Galatee_Florian	Victor_Ducray-Duminil	-0.17977066338062286
L'Anti-Justine_Retif	Vertueuse_Retif	-0.18093247711658478
Caliste_Charriere	Voyage_Maistre	-0.18095716834068298
Adele_Souza	Julie_Rousseau	-0.1817912757396698
Belisaire_Marmontel	Caliste_Charriere	-0.18224285542964935
Incas_Marmontel	Julie_Rousseau	-0.18225152790546417
Micromegas_Voltaire	Aline_Sade	-0.18416163325309753
Caliste_Charriere	Adele_Souza	-0.1850411742925644
L'Emigre_Meilhan	Lucile_Retif	-0.18522906303405762
L'An_Mercier	Princesse_Voltaire	-0.18583634495735168
Ecus_Voltaire	Incas_Marmontel	-0.18591803312301636
Fanchette_Retif	Saisons_Saint-Lambert	-0.18616382777690887
L'An_Mercier	Victor_Ducray-Duminil	-0.18793103098869324
L'An_Mercier	Saisons_Saint-Lambert	-0.18832960724830627
Religieuse_Diderot	Supplement_Diderot	-0.18864299356937408
Fataliste_Diderot	Supplement_Diderot	-0.18886181712150574
Julie_Rousseau	Prince_Gouges	-0.19308578968048096
Incas_Marmontel	Claire_Cottin	-0.19310832023620605
Boudoir_Sade	L'Emigre_Meilhan	-0.1931658685207367
Belisaire_Marmontel	Menage_Retif	-0.19387570023536682
Liaisons_Laclos	L'Anti-Justine_Retif	-0.19647091627120972
Candide_Voltaire	Crimes_Sade	-0.1968521624803543
Voyage_Maistre	Victor_Ducray-Duminil	-0.19753870368003845
Aline_Sade	Julie_Rousseau	-0.1976112723350525
Nuit_Crebillon	Belisaire_Marmontel	-0.19900254905223846
Crimes_Sade	Lucile_Retif	-0.199345201253891
Adele_Genlis	Fanchette_Retif	-0.19940072298049927
Parisiennes_Retif	Nuits_Retif	-0.19988225400447845
L'Anti-Justine_Retif	Nuits_Retif	-0.20083677768707275
Belisaire_Marmontel	Adele_Souza	-0.20480956137180328
Rideau_Mirabeau	Françaises_Retif	-0.2050715982913971
Justine_Sade	Claire_Cottin	-0.20603524148464203
Pauliska_Saint-Cyr	Jenni_Voltaire	-0.2061237245798111
Emile_Rousseau	Galatee_Florian	-0.2069701999425888
Saisons_Saint-Lambert	Perverti_Retif	-0.20775660872459412
Religieuse_Diderot	Victor_Ducray-Duminil	-0.2099199891090393
Françaises_Retif	Victor_Ducray-Duminil	-0.2100798487663269
Moraux_Mercier	Parisiennes_Retif	-0.21184735000133514
Moraux_Mercier	Fils_Diderot	-0.2150832563638687
Claire_Cottin	Fanchette_Retif	-0.2200920134782791
Parisiennes_Retif	Victor_Ducray-Duminil	-0.2202940136194229
Galatee_Florian	L'Ingenu_Voltaire	-0.22221624851226807
Nuit_Crebillon	Julie_Rousseau	-0.22250983119010925
Boudoir_Sade	Jenni_Voltaire	-0.22838395833969116
Fataliste_Diderot	Femme_Marmontel	-0.23132285475730896
Emile_Rousseau	Prince_Gouges	-0.23432879149913788
Menage_Retif	L'Ingenu_Voltaire	-0.23522134125232697
Incas_Marmontel	Victor_Ducray-Duminil	-0.23726847767829895
Naufrage_Morelly	Lucile_Retif	-0.2376897782087326
Lucile_Retif	Vie_Retif	-0.23989221453666687
Floricourt_Dorat	Femme_Marmontel	-0.24078699946403503
Julie_Rousseau	Vie_Retif	-0.242919921875
Nuit_Crebillon	Caliste_Charriere	-0.24486251175403595
Diable_Cazotte	Adele_Genlis	-0.2457740604877472
Nuit_Crebillon	Françaises_Retif	-0.2468136101961136
Crimes_Sade	Julie_Rousseau	-0.246826171875
Religieuse_Diderot	Prince_Gouges	-0.24832063913345337
Chaumiere_Bernardin	L'Anti-Justine_Retif	-0.25170883536338806
Nuit_Crebillon	L'Anti-Justine_Retif	-0.2563900947570801
Adele_Souza	Fanchette_Retif	-0.27745380997657776
Fataliste_Diderot	Fils_Diderot	-0.28780338168144226
Naufrage_Morelly	Menage_Retif	-0.2986545264720917
L'Emigre_Meilhan	Vertueuse_Retif	-0.3043079376220703
Françaises_Retif	Prince_Gouges	-0.3234407305717468
